date,KOSDAQ_ETF_ADR_20d_pct,KOSDAQ_STOCKS_ADR_20d_pct
20260611,,
20260612,,
20260618,93.444730,
20260619,94.954722,
20260623,76.463700,
20260624,78.554502,
20260626,77.176471,
20260629,84.785276,
20260630,84.681373,
20260701,93.085787,
20260702,89.798489,
20260706,95.590143,
20260708,88.154613,
20260710,85.626536,
20260714,71.899886,
20260715,73.394495,
20260716,72.571429,
20260720,70.428894,
20260721,71.250000,75.713911
20260722,75.291375,70.330062
20260723,74.391657,72.217083
20260728,70.861678,62.361945
20260803,70.588235,64.054623
20260804,79.642857,75.287717
20260805,85.960591,87.451662
20260806,94.838710,86.111421
20260807,96.993464,90.928342
20260810,97.378768,91.077789
20260811,105.616438,90.235941
20260812,107.182320,96.158009
20260813,105.769231,95.708026
20260814,115.373563,104.055155
20260818,115.683453,104.866226
20260819,108.913649,104.150991
20260820,119.416058,111.934559
20260821,107.024793,113.286943
20260824,118.287373,112.517995
20260825,114.102564,117.298562
20260826,127.575758,110.356239
20260827,137.658228,120.883397
20260828,145.737705,117.654180
20260831,126.818182,107.360585
20260901,121.333333,99.001971
20260902,104.098361,94.325900
20260903,94.148244,90.824390
20260904,98.140770,95.156231
20260907,95.806029,88.500787
20260908,84.672435,83.576580
20260909,84.605911,84.545047
20260910,89.155107,86.372655
20260911,81.280193,82.547615
20260914,76.084408,79.246825
20260915,84.520885,83.550098
20260916,88.345865,86.244616
20260917,86.815920,84.448189
20260918,96.465969,91.019672
20260921,94.935065,86.936988
20260922,89.042821,80.298458
20260923,89.168766,78.703754
20260928,89.042821,79.361621
20260929,87.765293,74.724401
20260930,94.948187,75.233744
