date,KOSPI_ETF_ADR_20d_pct,KOSPI_STOCKS_ADR_20d_pct
20260611,,
20260612,,
20260618,,
20260619,,
20260623,,
20260624,111.093502,
20260626,113.019169,
20260629,109.019608,
20260630,107.884465,
20260701,106.993007,
20260702,105.319969,
20260706,123.115578,
20260708,105.474171,
20260710,106.971340,
20260714,86.592179,
20260715,91.481747,
20260716,86.923077,
20260720,82.911825,
20260721,87.464986,83.500640
20260722,100.599700,79.787274
20260723,102.416918,82.396427
20260728,94.275362,72.209104
20260803,86.130374,71.858805
20260804,96.989721,80.050869
20260805,111.426320,91.086755
20260806,116.090105,87.562268
20260807,111.426320,92.462720
20260810,106.955178,92.175573
20260811,117.288961,90.196236
20260812,122.425249,93.381089
20260813,120.891825,96.267541
20260814,136.067019,107.316752
20260818,136.902655,112.226662
20260819,119.344262,110.702341
20260820,116.923077,117.411516
20260821,110.031348,120.249149
20260824,115.353698,118.213757
20260825,117.627945,120.903902
20260826,134.824561,119.826622
20260827,154.372624,129.318403
20260828,151.694915,133.803033
20260831,140.523466,125.006377
20260901,154.302103,117.859152
20260902,131.533101,117.334532
20260903,127.835052,117.146139
20260904,141.476755,118.299234
20260907,156.879845,111.879474
20260908,140.545455,110.531349
20260909,143.778802,109.732315
20260910,134.574468,106.666240
20260911,120.133111,99.345473
20260914,105.996885,91.230478
20260915,107.535322,96.419980
20260916,117.598684,103.231792
20260917,116.013072,96.139851
20260918,119.071310,104.137085
20260921,126.221080,99.652206
20260922,122.512648,87.926728
20260923,117.187500,77.107640
20260928,108.031496,76.641890
20260929,110.191083,68.625546
20260930,106.974922,68.330265
20261001,108.431836,68.745750
20261002,125.298126,73.706853
20261006,114.054927,76.118041
20261007,101.829268,73.527062
