board,date,ADR20pct,ADLine,ADLine20,ADLine30,judgement,rsi_threshold,rsi_above_count,rsi_valid_count,rsi_breadth_pct,rsi_universe_type,rsi_sample_count
KOSPI,20260518,,-6,,,순환매시장이다,55,78,134,58.2090,ETF_PROXY,143
KOSPI,20260519,,-98,,,순환매시장이다,55,78,134,58.2090,ETF_PROXY,143
KOSPI,20260520,,-187,,,순환매시장이다,55,78,134,58.2090,ETF_PROXY,143
KOSPI,20260521,,-77,,,순환매시장이다,55,78,134,58.2090,ETF_PROXY,143
KOSPI,20260522,,9,,,순환매시장이다,55,78,134,58.2090,ETF_PROXY,143
KOSPI,20260526,,72,,,순환매시장이다,55,78,134,58.2090,ETF_PROXY,143
KOSPI,20260527,,92,,,순환매시장이다,55,78,134,58.2090,ETF_PROXY,143
KOSPI,20260528,,3,,,순환매시장이다,55,78,134,58.2090,ETF_PROXY,143
KOSPI,20260529,,66,,,순환매시장이다,55,78,134,58.2090,ETF_PROXY,143
KOSPI,20260601,,119,,,순환매시장이다,55,78,134,58.2090,ETF_PROXY,143
KOSPI,20260602,,108,,,순환매시장이다,55,78,134,58.2090,ETF_PROXY,143
KOSPI,20260604,,64,,,순환매시장이다,55,78,134,58.2090,ETF_PROXY,143
KOSPI,20260605,,-7,,,순환매시장이다,55,78,134,58.2090,ETF_PROXY,143
KOSPI,20260608,,-114,,,순환매시장이다,55,78,134,58.2090,ETF_PROXY,143
KOSPI,20260609,,-17,,,순환매시장이다,55,78,134,58.2090,ETF_PROXY,143
KOSPI,20260610,,-85,,,순환매시장이다,55,78,134,58.2090,ETF_PROXY,143
KOSPI,20260611,,-87,,,순환매시장이다,55,78,134,58.2090,ETF_PROXY,143
KOSPI,20260612,,15,,,순환매시장이다,55,78,134,58.2090,ETF_PROXY,143
KOSPI,20260615,,127,,,순환매시장이다,55,78,134,58.2090,ETF_PROXY,143
KOSPI,20260616,117.910448,216,216,,순환매시장이다,55,78,134,58.2090,ETF_PROXY,143
KOSPI,20260617,122.043919,255,261,,순환매시장이다,55,78,134,58.2090,ETF_PROXY,143
KOSPI,20260618,131.922399,264,362,,순환매시장이다,55,78,134,58.2090,ETF_PROXY,143
KOSPI,20260619,136.298293,217,404,,순환매시장이다,55,78,134,58.2090,ETF_PROXY,143
KOSPI,20260622,126.161790,227,304,,순환매시장이다,55,78,134,58.2090,ETF_PROXY,143
KOSPI,20260623,109.402390,127,118,,순환매시장이다,55,78,134,58.2090,ETF_PROXY,143
KOSPI,20260624,110.336538,201,129,,순환매시장이다,55,78,134,58.2090,ETF_PROXY,143
KOSPI,20260625,113.057583,253,161,,순환매시장이다,55,78,134,58.2090,ETF_PROXY,143
KOSPI,20260626,112.277868,155,152,,순환매시장이다,55,78,134,58.2090,ETF_PROXY,143
KOSPI,20260629,108.578237,174,108,,순환매시장이다,55,78,134,58.2090,ETF_PROXY,143
KOSPI,20260630,107.430830,213,94,213,순환매시장이다,55,78,134,58.2090,ETF_PROXY,143
KOSPI,20260701,106.530291,191,83,197,순환매시장이다,55,78,134,58.2090,ETF_PROXY,143
KOSPI,20260702,104.839969,126,62,224,순환매시장이다,55,78,134,58.2090,ETF_PROXY,143
KOSPI,20260703,117.842324,208,215,395,순환매시장이다,55,78,134,58.2090,ETF_PROXY,143
KOSPI,20260706,122.457627,151,265,228,순환매시장이다,55,78,134,58.2090,ETF_PROXY,143
KOSPI,20260707,107.832278,82,99,73,순환매시장이다,55,78,134,58.2090,ETF_PROXY,143
KOSPI,20260708,104.996097,-21,64,-93,순환매시장이다,55,78,134,58.2090,ETF_PROXY,143
KOSPI,20260709,105.868545,-12,75,-104,순환매시장이다,55,78,134,58.2090,ETF_PROXY,143
KOSPI,20260710,106.509804,98,83,95,순환매시장이다,55,78,134,58.2090,ETF_PROXY,143
KOSPI,20260713,91.842680,15,-112,-51,순환매시장이다,55,78,134,58.2090,ETF_PROXY,143
KOSPI,20260714,86.209335,21,-195,-98,순환매시장이다,55,78,134,58.2090,ETF_PROXY,143
KOSPI,20260715,91.153009,133,-122,25,순환매시장이다,55,78,134,58.2090,ETF_PROXY,143
KOSPI,20260716,86.808511,78,-186,14,순환매시장이다,55,78,134,58.2090,ETF_PROXY,143
KOSPI,20260720,82.928522,-29,-246,-22,순환매시장이다,55,78,134,58.2090,ETF_PROXY,143
KOSPI,20260721,87.553343,52,-175,166,순환매시장이다,55,78,134,58.2090,ETF_PROXY,143
KOSPI,20260722,100.608828,135,8,152,순환매시장이다,55,78,134,58.2090,ETF_PROXY,143
KOSPI,20260723,102.453988,233,32,318,순환매시장이다,55,78,134,58.2090,ETF_PROXY,143
KOSPI,20260724,91.515591,136,-117,223,순환매시장이다,55,78,134,58.2090,ETF_PROXY,143
KOSPI,20260727,103.233256,197,42,182,순환매시장이다,55,78,134,58.2090,ETF_PROXY,143
KOSPI,20260728,94.191176,95,-79,-32,순환매시장이다,55,78,134,58.2090,ETF_PROXY,143
KOSPI,20260729,84.884535,-3,-216,-219,순환매시장이다,55,78,134,58.2090,ETF_PROXY,143
KOSPI,20260730,85.143658,-21,-212,-276,순환매시장이다,55,78,134,58.2090,ETF_PROXY,143
KOSPI,20260731,96.947133,85,-41,-179,순환매시장이다,55,78,134,58.2090,ETF_PROXY,143
KOSPI,20260803,86.197183,12,-196,-205,순환매시장이다,55,78,134,58.2090,ETF_PROXY,143
KOSPI,20260804,96.944858,110,-41,-117,순환매시장이다,55,78,134,58.2090,ETF_PROXY,143
KOSPI,20260805,111.270983,223,141,96,순환매시장이다,55,78,134,58.2090,ETF_PROXY,143
KOSPI,20260806,116.000000,175,196,-26,순환매시장이다,55,78,134,58.2090,ETF_PROXY,143
KOSPI,20260807,111.609287,133,145,-120,순환매시장이다,55,78,134,58.2090,ETF_PROXY,143
KOSPI,20260810,107.064364,188,90,33,순환매시장이다,55,78,134,58.2090,ETF_PROXY,143
KOSPI,20260811,117.215815,224,209,50,순환매시장이다,55,78,134,58.2090,ETF_PROXY,143
KOSPI,20260812,122.428331,287,266,74,순환매시장이다,55,78,134,58.2090,ETF_PROXY,143
KOSPI,20260813,120.871752,382,249,191,순환매시장이다,55,78,134,58.2090,ETF_PROXY,143
KOSPI,20260814,135.867621,479,401,353,순환매시장이다,55,78,134,58.2090,ETF_PROXY,143
KOSPI,20260818,136.714542,380,409,172,순환매시장이다,55,78,134,58.2090,ETF_PROXY,143
KOSPI,20260819,119.301165,284,232,133,순환매시장이다,55,78,134,58.2090,ETF_PROXY,143
KOSPI,20260820,116.844700,340,205,258,순환매시장이다,55,78,134,58.2090,ETF_PROXY,143
KOSPI,20260821,109.856916,357,124,378,순환매시장이다,55,78,134,58.2090,ETF_PROXY,143
KOSPI,20260824,115.252855,323,187,335,순환매시장이다,55,78,134,58.2090,ETF_PROXY,143
KOSPI,20260825,117.559769,410,213,312,순환매시장이다,55,78,134,58.2090,ETF_PROXY,143
KOSPI,20260826,134.608541,484,389,469,순환매시장이다,55,78,134,58.2090,ETF_PROXY,143
KOSPI,20260827,153.949904,557,560,536,순환매시장이다,55,78,134,58.2090,ETF_PROXY,143
KOSPI,20260828,151.240458,516,537,383,순환매시장이다,55,78,134,58.2090,ETF_PROXY,143
KOSPI,20260831,140.164684,524,439,446,순환매시장이다,55,78,134,58.2090,ETF_PROXY,143
KOSPI,20260901,153.972868,569,557,598,순환매시장이다,55,78,134,58.2090,ETF_PROXY,143
KOSPI,20260902,131.360424,465,355,413,순환매시장이다,55,78,134,58.2090,ETF_PROXY,143
KOSPI,20260903,127.811683,542,319,407,순환매시장이다,55,78,134,58.2090,ETF_PROXY,143
KOSPI,20260904,141.219963,621,446,388,순환매시장이다,55,78,134,58.2090,ETF_PROXY,143
KOSPI,20260907,156.329735,707,574,571,순환매시장이다,55,78,134,58.2090,ETF_PROXY,143
KOSPI,20260908,140.018399,623,435,426,순환매시장이다,55,78,134,58.2090,ETF_PROXY,143
KOSPI,20260909,143.283582,688,464,593,순환매시장이다,55,78,134,58.2090,ETF_PROXY,143
KOSPI,20260910,134.411500,670,383,673,순환매시장이다,55,78,134,58.2090,ETF_PROXY,143
KOSPI,20260911,120.168776,621,239,642,순환매시장이다,55,78,134,58.2090,ETF_PROXY,143
KOSPI,20260914,106.166008,557,78,472,순환매시장이다,55,78,134,58.2090,ETF_PROXY,143
KOSPI,20260915,107.729084,477,97,465,순환매시장이다,55,78,134,58.2090,ETF_PROXY,143
KOSPI,20260916,117.597998,495,211,385,순환매시장이다,55,78,134,58.2090,ETF_PROXY,143
KOSPI,20260917,115.990058,533,193,310,순환매시장이다,55,78,134,58.2090,ETF_PROXY,143
KOSPI,20260918,119.091674,584,227,409,순환매시장이다,55,78,134,58.2090,ETF_PROXY,143
KOSPI,20260921,125.954861,622,299,489,순환매시장이다,55,78,134,58.2090,ETF_PROXY,143
KOSPI,20260922,122.203245,670,260,482,순환매시장이다,55,78,134,58.2090,ETF_PROXY,143
KOSPI,20260923,116.819317,686,202,462,순환매시장이다,55,78,134,58.2090,ETF_PROXY,143
KOSPI,20260928,107.404459,650,93,363,순환매시장이다,55,78,134,58.2090,ETF_PROXY,143
KOSDAQ,20260518,,-51,,,방어 국면,55,22,73,30.1370,ETF_PROXY,83
KOSDAQ,20260519,,-82,,,방어 국면,55,22,73,30.1370,ETF_PROXY,83
KOSDAQ,20260520,,-127,,,방어 국면,55,22,73,30.1370,ETF_PROXY,83
KOSDAQ,20260521,,-76,,,방어 국면,55,22,73,30.1370,ETF_PROXY,83
KOSDAQ,20260522,,-19,,,방어 국면,55,22,73,30.1370,ETF_PROXY,83
KOSDAQ,20260526,,-5,,,방어 국면,55,22,73,30.1370,ETF_PROXY,83
KOSDAQ,20260527,,-34,,,방어 국면,55,22,73,30.1370,ETF_PROXY,83
KOSDAQ,20260528,,-64,,,방어 국면,55,22,73,30.1370,ETF_PROXY,83
KOSDAQ,20260529,,-68,,,방어 국면,55,22,73,30.1370,ETF_PROXY,83
KOSDAQ,20260601,,-74,,,방어 국면,55,22,73,30.1370,ETF_PROXY,83
KOSDAQ,20260602,,-100,,,방어 국면,55,22,73,30.1370,ETF_PROXY,83
KOSDAQ,20260604,,-105,,,방어 국면,55,22,73,30.1370,ETF_PROXY,83
KOSDAQ,20260605,,-141,,,방어 국면,55,22,73,30.1370,ETF_PROXY,83
KOSDAQ,20260608,,-201,,,방어 국면,55,22,73,30.1370,ETF_PROXY,83
KOSDAQ,20260609,,-175,,,방어 국면,55,22,73,30.1370,ETF_PROXY,83
KOSDAQ,20260610,,-211,,,방어 국면,55,22,73,30.1370,ETF_PROXY,83
KOSDAQ,20260611,,-183,,,방어 국면,55,22,73,30.1370,ETF_PROXY,83
KOSDAQ,20260612,,-141,,,방어 국면,55,22,73,30.1370,ETF_PROXY,83
KOSDAQ,20260615,,-115,,,방어 국면,55,22,73,30.1370,ETF_PROXY,83
KOSDAQ,20260616,85.147247,-116,-116,,방어 국면,55,22,73,30.1370,ETF_PROXY,83
KOSDAQ,20260617,93.959732,-96,-45,,방어 국면,55,22,73,30.1370,ETF_PROXY,83
KOSDAQ,20260618,93.959732,-127,-45,,방어 국면,55,22,73,30.1370,ETF_PROXY,83
KOSDAQ,20260619,95.540541,-160,-33,,방어 국면,55,22,73,30.1370,ETF_PROXY,83
KOSDAQ,20260622,89.646134,-155,-79,,방어 국면,55,22,73,30.1370,ETF_PROXY,83
KOSDAQ,20260623,76.894866,-208,-189,,방어 국면,55,22,73,30.1370,ETF_PROXY,83
KOSDAQ,20260624,79.084158,-174,-169,,방어 국면,55,22,73,30.1370,ETF_PROXY,83
KOSDAQ,20260625,80.199253,-193,-159,,방어 국면,55,22,73,30.1370,ETF_PROXY,83
KOSDAQ,20260626,77.546012,-247,-183,,방어 국면,55,22,73,30.1370,ETF_PROXY,83
KOSDAQ,20260629,84.802043,-187,-119,,방어 국면,55,22,73,30.1370,ETF_PROXY,83
KOSDAQ,20260630,84.693878,-194,-120,-194,방어 국면,55,22,73,30.1370,ETF_PROXY,83
KOSDAQ,20260701,92.942743,-153,-53,-102,방어 국면,55,22,73,30.1370,ETF_PROXY,83
KOSDAQ,20260702,90.275953,-179,-74,-97,방어 국면,55,22,73,30.1370,ETF_PROXY,83
KOSDAQ,20260703,91.920530,-202,-61,-75,방어 국면,55,22,73,30.1370,ETF_PROXY,83
KOSDAQ,20260706,95.810811,-232,-31,-156,방어 국면,55,22,73,30.1370,ETF_PROXY,83
KOSDAQ,20260707,90.909091,-244,-69,-225,방어 국면,55,22,73,30.1370,ETF_PROXY,83
KOSDAQ,20260708,89.048240,-295,-84,-290,방어 국면,55,22,73,30.1370,ETF_PROXY,83
KOSDAQ,20260709,86.025641,-292,-109,-258,방어 국면,55,22,73,30.1370,ETF_PROXY,83
KOSDAQ,20260710,86.392811,-247,-106,-183,방어 국면,55,22,73,30.1370,ETF_PROXY,83
KOSDAQ,20260713,77.195122,-302,-187,-234,방어 국면,55,22,73,30.1370,ETF_PROXY,83
KOSDAQ,20260714,72.037915,-352,-236,-278,방어 국면,55,22,73,30.1370,ETF_PROXY,83
KOSDAQ,20260715,73.596177,-317,-221,-217,방어 국면,55,22,73,30.1370,ETF_PROXY,83
KOSDAQ,20260716,72.738095,-356,-229,-251,방어 국면,55,22,73,30.1370,ETF_PROXY,83
KOSDAQ,20260720,70.505288,-411,-251,-270,방어 국면,55,22,73,30.1370,ETF_PROXY,83
KOSDAQ,20260721,71.360947,-397,-242,-196,방어 국면,55,22,73,30.1370,ETF_PROXY,83
KOSDAQ,20260722,75.364078,-411,-203,-236,방어 국면,55,22,73,30.1370,ETF_PROXY,83
KOSDAQ,20260723,74.427021,-386,-212,-175,방어 국면,55,22,73,30.1370,ETF_PROXY,83
KOSDAQ,20260724,72.228844,-426,-233,-243,방어 국면,55,22,73,30.1370,ETF_PROXY,83
KOSDAQ,20260727,83.735705,-375,-128,-234,방어 국면,55,22,73,30.1370,ETF_PROXY,83
KOSDAQ,20260728,70.838253,-434,-247,-319,방어 국면,55,22,73,30.1370,ETF_PROXY,83
KOSDAQ,20260729,67.476852,-475,-281,-359,방어 국면,55,22,73,30.1370,ETF_PROXY,83
KOSDAQ,20260730,60.243632,-512,-359,-416,방어 국면,55,22,73,30.1370,ETF_PROXY,83
KOSDAQ,20260731,67.592593,-459,-280,-332,방어 국면,55,22,73,30.1370,ETF_PROXY,83
KOSDAQ,20260803,70.553592,-452,-250,-292,방어 국면,55,22,73,30.1370,ETF_PROXY,83
KOSDAQ,20260804,79.331683,-399,-167,-244,방어 국면,55,22,73,30.1370,ETF_PROXY,83
KOSDAQ,20260805,85.185185,-360,-116,-152,방어 국면,55,22,73,30.1370,ETF_PROXY,83
KOSDAQ,20260806,93.850267,-341,-46,-167,방어 국면,55,22,73,30.1370,ETF_PROXY,83
KOSDAQ,20260807,96.603261,-317,-25,-124,방어 국면,55,22,73,30.1370,ETF_PROXY,83
KOSDAQ,20260810,97.002725,-269,-22,-22,방어 국면,55,22,73,30.1370,ETF_PROXY,83
KOSDAQ,20260811,105.270655,-265,37,-78,방어 국면,55,22,73,30.1370,ETF_PROXY,83
KOSDAQ,20260812,106.599713,-306,46,-112,방어 국면,55,22,73,30.1370,ETF_PROXY,83
KOSDAQ,20260813,105.135521,-281,36,-128,방어 국면,55,22,73,30.1370,ETF_PROXY,83
KOSDAQ,20260814,114.456036,-259,97,-80,방어 국면,55,22,73,30.1370,ETF_PROXY,83
KOSDAQ,20260818,114.776119,-312,99,-110,방어 국면,55,22,73,30.1370,ETF_PROXY,83
KOSDAQ,20260819,108.695652,-337,60,-105,방어 국면,55,22,73,30.1370,ETF_PROXY,83
KOSDAQ,20260820,118.968134,-286,125,-42,방어 국면,55,22,73,30.1370,ETF_PROXY,83
KOSDAQ,20260821,107.030129,-337,49,-42,방어 국면,55,22,73,30.1370,ETF_PROXY,83
KOSDAQ,20260824,117.797888,-308,118,-16,방어 국면,55,22,73,30.1370,ETF_PROXY,83
KOSDAQ,20260825,113.777778,-282,93,-35,방어 국면,55,22,73,30.1370,ETF_PROXY,83
KOSDAQ,20260826,127.086614,-262,172,40,방어 국면,55,22,73,30.1370,ETF_PROXY,83
KOSDAQ,20260827,136.393443,-253,222,99,방어 국면,55,22,73,30.1370,ETF_PROXY,83
KOSDAQ,20260828,144.312394,-251,261,66,방어 국면,55,22,73,30.1370,ETF_PROXY,83
KOSDAQ,20260831,125.943396,-294,165,62,방어 국면,55,22,73,30.1370,ETF_PROXY,83
KOSDAQ,20260901,120.955316,-316,136,95,방어 국면,55,22,73,30.1370,ETF_PROXY,83
KOSDAQ,20260902,103.982930,-371,28,26,방어 국면,55,22,73,30.1370,ETF_PROXY,83
KOSDAQ,20260903,94.173442,-403,-43,8,방어 국면,55,22,73,30.1370,ETF_PROXY,83
KOSDAQ,20260904,98.063624,-355,-14,31,방어 국면,55,22,73,30.1370,ETF_PROXY,83
KOSDAQ,20260907,95.238095,-352,-35,74,방어 국면,55,22,73,30.1370,ETF_PROXY,83
KOSDAQ,20260908,84.447301,-390,-121,-15,방어 국면,55,22,73,30.1370,ETF_PROXY,83
KOSDAQ,20260909,83.908046,-391,-126,43,방어 국면,55,22,73,30.1370,ETF_PROXY,83
KOSDAQ,20260910,88.612565,-393,-87,82,방어 국면,55,22,73,30.1370,ETF_PROXY,83
KOSDAQ,20260911,81.155779,-431,-150,81,방어 국면,55,22,73,30.1370,ETF_PROXY,83
KOSDAQ,20260914,76.190476,-454,-195,5,방어 국면,55,22,73,30.1370,ETF_PROXY,83
KOSDAQ,20260915,84.291188,-435,-123,17,방어 국면,55,22,73,30.1370,ETF_PROXY,83
KOSDAQ,20260916,87.906372,-430,-93,-31,방어 국면,55,22,73,30.1370,ETF_PROXY,83
KOSDAQ,20260917,86.451613,-391,-105,-31,방어 국면,55,22,73,30.1370,ETF_PROXY,83
KOSDAQ,20260918,95.663957,-369,-32,-28,방어 국면,55,22,73,30.1370,ETF_PROXY,83
KOSDAQ,20260921,94.086022,-352,-44,-35,방어 국면,55,22,73,30.1370,ETF_PROXY,83
KOSDAQ,20260922,88.265971,-372,-90,-103,방어 국면,55,22,73,30.1370,ETF_PROXY,83
KOSDAQ,20260923,88.151042,-353,-91,-88,방어 국면,55,22,73,30.1370,ETF_PROXY,83
KOSDAQ,20260928,87.142857,-352,-99,-46,방어 국면,55,22,73,30.1370,ETF_PROXY,83
