trade_date,foreign_net,institution_net,scope,source,validation_status,is_final,capture_window
2026-06-12,1343.0,-3096.0,KOSPI200 futures all expiries; regular session,KRX Data Marketplace [15007],OFFICIAL_SEED,True,기존 일별 검토자료
2026-06-15,-627.0,160.0,KOSPI200 futures all expiries; regular session,KRX Data Marketplace [15007],OFFICIAL_SEED,True,기존 일별 검토자료
2026-06-16,744.0,-1135.0,KOSPI200 futures all expiries; regular session,KRX Data Marketplace [15007],OFFICIAL_SEED,True,기존 일별 검토자료
2026-06-17,-1739.0,1770.0,KOSPI200 futures all expiries; regular session,KRX Data Marketplace [15007],OFFICIAL_SEED,True,기존 일별 검토자료
2026-06-18,-745.0,346.0,KOSPI200 futures all expiries; regular session,KRX Data Marketplace [15007],OFFICIAL_SEED,True,기존 일별 검토자료
2026-06-19,3369.0,-3752.0,KOSPI200 futures all expiries; regular session,KRX Data Marketplace [15007],OFFICIAL_SEED,True,기존 일별 검토자료
2026-06-22,-444.0,2289.0,KOSPI200 futures all expiries; regular session,KRX Data Marketplace [15007],OFFICIAL_SEED,True,기존 일별 검토자료
2026-06-23,6111.0,-5654.0,KOSPI200 futures all expiries; regular session,KRX Data Marketplace [15007],OFFICIAL_SEED,True,기존 일별 검토자료
2026-06-24,-6624.0,8183.0,KOSPI200 futures all expiries; regular session,KRX Data Marketplace [15007],OFFICIAL_SEED,True,기존 일별 검토자료
2026-06-25,-7574.0,4986.0,KOSPI200 futures all expiries; regular session,KRX Data Marketplace [15007],OFFICIAL_SEED,True,기존 일별 검토자료
2026-06-26,2400.0,-354.0,KOSPI200 futures all expiries; regular session,KRX Data Marketplace [15007],OFFICIAL_SEED,True,기존 일별 검토자료
2026-06-29,2853.0,-2718.0,KOSPI200 futures all expiries; regular session,KRX Data Marketplace [15007],OFFICIAL_SEED,True,기존 일별 검토자료
2026-06-30,-2137.0,678.0,KOSPI200 futures all expiries; regular session,KRX Data Marketplace [15007],OFFICIAL_SEED,True,기존 일별 검토자료
2026-07-01,4771.0,-2296.0,KOSPI200 futures all expiries; regular session,KRX Data Marketplace [15007],OFFICIAL_SEED,True,기존 일별 검토자료
2026-07-02,10660.0,-8611.0,KOSPI200 futures all expiries; regular session,KRX Data Marketplace [15007],OFFICIAL_SEED,True,기존 일별 검토자료
2026-07-03,352.0,-654.0,KOSPI200 futures all expiries; regular session,KRX Data Marketplace [15007],OFFICIAL_SEED,True,기존 일별 검토자료
2026-07-06,-3387.0,3314.0,KOSPI200 futures all expiries; regular session,KRX Data Marketplace [15007],OFFICIAL_SEED,True,기존 일별 검토자료
2026-07-07,2943.0,-3080.0,KOSPI200 futures all expiries; regular session,KRX Data Marketplace [15007],OFFICIAL_SEED,True,기존 일별 검토자료
2026-07-08,5488.0,-5921.0,KOSPI200 futures all expiries; regular session,KRX Data Marketplace [15007],OFFICIAL_SEED,True,기존 일별 검토자료
2026-07-09,686.0,-2237.0,KOSPI200 futures all expiries; regular session,KRX Data Marketplace [15007],OFFICIAL_SEED,True,기존 일별 검토자료
2026-07-10,-3092.0,1622.0,KOSPI200 futures all expiries; regular session,KRX Data Marketplace [15007],OFFICIAL_SEED,True,기존 일별 검토자료
2026-07-13,4621.0,-4724.0,KOSPI200 futures all expiries; regular session,KRX Data Marketplace [15007],OFFICIAL_SEED,True,기존 일별 검토자료
2026-07-14,4077.0,-3840.0,KOSPI200 futures all expiries; regular session,KRX Data Marketplace [15007],OFFICIAL_SEED,True,기존 일별 검토자료
2026-07-15,-6499.0,4015.0,KOSPI200 futures all expiries; regular session,KRX Data Marketplace [15007],OFFICIAL_SEED,True,기존 일별 검토자료
2026-07-16,3633.0,-1125.0,KOSPI200 futures all expiries; regular session,KRX Data Marketplace [15007],OFFICIAL_SEED,True,기존 일별 검토자료
2026-07-20,4305.0,-3902.0,KOSPI200 futures all expiries; regular session,KRX Data Marketplace [15007],OFFICIAL_SEED,True,기존 일별 검토자료
2026-07-21,-3080.0,2168.0,KOSPI200 futures all expiries; regular session,KRX Data Marketplace [15007],OFFICIAL_SEED,True,기존 일별 검토자료
2026-07-22,-824.0,-492.0,KOSPI200 futures all expiries; regular session,KRX Data Marketplace [15007],OFFICIAL_SEED,True,기존 일별 검토자료
2026-07-23,-3183.0,3181.0,KOSPI200 futures all expiries; regular session,KRX Data Marketplace [15007],OFFICIAL_SEED,True,기존 일별 검토자료
2026-07-24,350.0,-600.0,KOSPI200 futures all expiries; regular session,KRX Data Marketplace [15007],OFFICIAL_SEED,True,기존 일별 검토자료
2026-07-27,-2184.0,2590.0,KOSPI200 futures all expiries; regular session,KRX Data Marketplace [15007],OFFICIAL_SEED,True,기존 일별 검토자료
2026-07-28,5115.0,-5736.0,KOSPI200 futures all expiries; regular session,KRX Data Marketplace [15007],OFFICIAL_SEED,True,기존 일별 검토자료
2026-07-29,6333.0,-5562.0,KOSPI200 futures all expiries; regular session,KRX Data Marketplace [15007],OFFICIAL_SEED,True,기존 일별 검토자료
2026-07-30,-4241.0,2764.0,KOSPI200 futures all expiries; regular session,KRX Data Marketplace [15007],OFFICIAL_SEED,True,기존 일별 검토자료
2026-07-31,-1966.0,1281.0,KOSPI200 futures all expiries; regular session,KRX Data Marketplace [15007],OFFICIAL_SEED,True,기존 일별 검토자료
2026-08-03,-12589.0,12893.0,KOSPI200 futures all expiries; regular session,KRX Data Marketplace [15007],OFFICIAL_SEED,True,기존 일별 검토자료
2026-08-04,-1585.0,2688.0,KOSPI200 futures all expiries; regular session,KRX Data Marketplace [15007],OFFICIAL_SEED,True,기존 일별 검토자료
2026-08-07,3913.0,-3115.0,Kiwoom 0787 KOSPI200 futures selection; expiry decomposition unavailable,Kiwoom Hero4 [0787] validated daily net flow,VALIDATED_0787_WITH_0441_DATE_GATE,True,기존 일별 검토자료
2026-08-12,-1071.0,-595.0,Kiwoom 0787 KOSPI200 futures selection; expiry decomposition unavailable,Kiwoom Hero4 [0787] validated daily net flow,VALIDATED_0787_WITH_0441_DATE_GATE,True,기존 일별 검토자료
2026-08-13,-504.0,259.0,Kiwoom 0787 KOSPI200 futures selection; expiry decomposition unavailable,Kiwoom Hero4 [0787] validated daily net flow,VALIDATED_0787_WITH_0441_DATE_GATE,True,기존 일별 검토자료
2026-08-18,808.0,-2252.0,Kiwoom 0787 KOSPI200 futures selection; expiry decomposition unavailable,Kiwoom Hero4 [0787] validated daily net flow,VALIDATED_0787_WITH_0441_DATE_GATE,True,기존 일별 검토자료
2026-08-19,-331.0,2175.0,Kiwoom 0787 KOSPI200 futures selection; expiry decomposition unavailable,Kiwoom Hero4 [0787] validated daily net flow,VALIDATED_0787_WITH_0441_DATE_GATE,True,기존 일별 검토자료
2026-08-20,-6978.0,8232.0,Kiwoom 0787 KOSPI200 futures selection; expiry decomposition unavailable,Kiwoom Hero4 [0787] validated daily net flow,VALIDATED_0787_WITH_0441_DATE_GATE,True,기존 일별 검토자료
2026-08-21,1125.0,-691.0,Kiwoom 0787 KOSPI200 futures selection; expiry decomposition unavailable,Kiwoom Hero4 [0787] validated daily net flow,VALIDATED_0787_WITH_0441_DATE_GATE,True,기존 일별 검토자료
2026-08-24,2657.0,-3340.0,Kiwoom 0787 KOSPI200 futures selection; expiry decomposition unavailable,Kiwoom Hero4 [0787] validated daily net flow,VALIDATED_0787_WITH_0441_DATE_GATE,True,기존 일별 검토자료
2026-08-25,-357.0,1476.0,Kiwoom 0787 KOSPI200 futures selection; expiry decomposition unavailable,Kiwoom Hero4 [0787] validated daily net flow,VALIDATED_0787_WITH_0441_DATE_GATE,True,기존 일별 검토자료
2026-08-26,3856.0,-4767.0,Kiwoom 0787 KOSPI200 futures selection; expiry decomposition unavailable,Kiwoom Hero4 [0787] validated daily net flow,VALIDATED_0787_WITH_0441_DATE_GATE,True,기존 일별 검토자료
2026-08-27,5801.0,-5777.0,Kiwoom 0787 KOSPI200 futures selection; expiry decomposition unavailable,Kiwoom Hero4 [0787] validated daily net flow,VALIDATED_0787_WITH_0441_DATE_GATE,True,기존 일별 검토자료
2026-08-28,2289.0,-2835.0,Kiwoom 0787 KOSPI200 futures selection; expiry decomposition unavailable,Kiwoom Hero4 [0787] validated daily net flow,VALIDATED_0787_WITH_0441_DATE_GATE,True,기존 일별 검토자료
2026-08-31,1377.0,134.0,Kiwoom 0787 KOSPI200 futures selection; expiry decomposition unavailable,Kiwoom Hero4 [0787] validated daily net flow,VALIDATED_0787_WITH_0441_DATE_GATE,True,기존 일별 검토자료
2026-09-01,-3237.0,2771.0,Kiwoom 0787 KOSPI200 futures selection; expiry decomposition unavailable,Kiwoom Hero4 [0787] validated daily net flow,VALIDATED_0787_WITH_0441_DATE_GATE,True,기존 일별 검토자료
2026-09-02,-8107.0,6014.0,Kiwoom 0787 KOSPI200 futures selection; expiry decomposition unavailable,Kiwoom Hero4 [0787] validated daily net flow,VALIDATED_0787_WITH_0441_DATE_GATE,True,기존 일별 검토자료
2026-09-03,3077.0,-1211.0,Kiwoom 0787 KOSPI200 futures selection; expiry decomposition unavailable,Kiwoom Hero4 [0787] validated daily net flow,VALIDATED_0787_WITH_0441_DATE_GATE,True,기존 일별 검토자료
2026-09-04,7793.0,-7306.0,Kiwoom 0787 KOSPI200 futures selection; expiry decomposition unavailable,Kiwoom Hero4 [0787] validated daily net flow,VALIDATED_0787_WITH_0441_DATE_GATE,True,기존 일별 검토자료
2026-09-07,10967.0,-10430.0,Kiwoom 0787 KOSPI200 futures selection; expiry decomposition unavailable,Kiwoom 0787 manually reviewed; sha256=609d12ec9f975772e449fa7248fd95cb0d41fa5d2d1fe305ae65ac5e2bacf271,VALIDATED_0787_MANUAL_SOURCE_HASH,True,기존 일별 검토자료
2026-09-08,1288.0,-4553.0,Kiwoom 0787 KOSPI200 futures selection; expiry decomposition unavailable,Kiwoom Hero4 [0787] validated daily net flow,VALIDATED_0787_WITH_0441_DATE_GATE,True,기존 일별 검토자료
2026-09-09,2176.0,-1216.0,Kiwoom 0787 KOSPI200 futures selection; expiry decomposition unavailable,Kiwoom 0787 manually reviewed; sha256=433582478712e1f04f7e9a4d7775b53684570a0d4e0eeae5e266e73088178f9b,VALIDATED_0787_MANUAL_SOURCE_HASH,True,기존 일별 검토자료
2026-09-10,-7086.0,6697.0,Kiwoom 0787 KOSPI200 futures selection; expiry decomposition unavailable,Kiwoom 0787 manually reviewed; sha256=c5e92cdead4c8d9f44e1152bfc1244514681b0eb1ee44edf9055ae0709aa5a03,VALIDATED_0787_MANUAL_SOURCE_HASH,True,기존 일별 검토자료
2026-09-11,-3152.0,5244.0,KOSPI200 futures all expiries; not expiry-specific holdings,Kiwoom 0787 saved pre-close snapshot; manually reviewed,REVIEWED_PROVISIONAL_PRE_CLOSE,False,15:23:36 선물 수량 / 기타 화면 15:23~15:24
