timestamp,open,high,low,close,volume
2023-12-15,351.9,352.7,351.85,352.25,5
2023-12-18,352.25,352.25,352.25,352.25,0
2023-12-19,361.8,361.8,361.8,361.8,0
2023-12-20,362.15,362.15,362.15,362.15,0
2023-12-21,369.7,369.7,369.7,369.7,0
2023-12-22,366.8,366.8,366.8,366.8,0
2023-12-26,368.65,368.65,368.65,368.65,0
2023-12-27,370.1,370.1,370.1,370.1,0
2023-12-28,374.65,374.65,374.65,374.65,0
2024-01-02,382.05,382.05,382.05,382.05,0
2024-01-03,383.4,383.4,383.4,383.4,0
2024-01-04,372.2,372.2,372.2,372.2,0
2024-01-05,368.6,368.6,368.6,368.6,0
2024-01-08,356.7,356.7,356.7,356.7,1
2024-01-09,356.7,356.7,356.7,356.7,1
2024-01-10,356.7,356.7,356.7,356.7,0
2024-01-11,359.95,359.95,359.95,359.95,0
2024-01-12,360.65,360.65,360.65,360.65,0
2024-01-15,356.8,356.8,356.8,356.8,0
2024-01-16,358.1,358.1,358.1,358.1,0
2024-01-17,352.05,352.05,352.05,352.05,0
2024-01-18,342.3,342.3,342.3,342.3,0
2024-01-19,344.15,344.15,344.15,344.15,0
2024-01-22,349.1,349.1,349.1,349.1,0
2024-01-23,349.85,349.85,349.85,349.85,0
2024-01-24,352.0,352.0,352.0,352.0,0
2024-01-25,350.25,350.25,350.25,350.25,0
2024-01-26,350.5,350.5,350.5,350.5,0
2024-01-29,350.65,350.65,350.65,350.65,0
2024-01-30,355.1,355.1,355.1,355.1,0
2024-01-31,345.0,345.0,345.0,345.0,1
2024-02-01,345.0,345.0,345.0,345.0,0
2024-02-02,358.5,358.5,358.5,358.5,0
2024-02-05,371.5,371.5,371.5,371.5,0
2024-02-06,366.25,366.25,366.25,366.25,0
2024-02-07,364.85,364.85,364.85,364.85,0
2024-02-08,369.95,369.95,369.95,369.95,0
2024-02-13,370.75,370.75,370.75,370.75,0
2024-02-14,375.0,375.0,375.0,375.0,0
2024-02-15,369.75,369.75,369.75,369.75,0
2024-02-16,369.35,369.35,369.35,369.35,0
2024-02-19,373.45,373.45,373.45,373.45,0
2024-02-20,379.3,379.3,379.3,379.3,0
2024-02-21,374.55,374.55,374.55,374.55,0
2024-02-22,373.75,373.75,373.75,373.75,0
2024-02-23,375.95,375.95,375.95,375.95,0
2024-02-26,377.2,377.2,377.2,377.2,0
2024-02-27,373.1,373.1,373.1,373.1,0
2024-02-28,370.15,370.15,370.15,370.15,0
2024-02-29,375.15,375.15,375.15,375.15,0
2024-03-04,373.6,373.6,373.6,373.6,0
2024-03-05,379.7,379.7,379.7,379.7,0
2024-03-06,375.5,375.5,375.5,375.5,0
2024-03-07,374.3,374.3,374.3,374.3,0
2024-03-08,374.9,374.9,374.9,374.9,0
2024-03-11,380.4,380.4,380.4,380.4,0
2024-03-12,367.0,367.0,366.6,366.6,2
2024-03-13,366.6,366.6,366.6,366.6,0
2024-03-14,381.75,381.75,381.75,381.75,0
2024-03-15,384.4,384.4,384.4,384.4,0
2024-03-18,376.4,376.4,376.4,376.4,0
2024-03-19,378.4,378.4,378.4,378.4,0
2024-03-20,374.05,374.05,374.05,374.05,0
2024-03-21,380.8,380.8,380.8,380.8,0
2024-03-22,391.8,391.8,391.8,391.8,0
2024-03-25,389.55,389.55,389.55,389.55,0
2024-03-26,389.0,389.0,389.0,389.0,0
2024-03-27,392.75,392.75,392.75,392.75,0
2024-03-28,392.85,392.85,392.85,392.85,0
2024-03-29,392.2,392.2,392.2,392.2,0
2024-04-01,393.6,393.6,393.6,393.6,0
2024-04-02,393.65,393.65,393.65,393.65,0
2024-04-03,395.3,395.3,395.3,395.3,0
2024-04-04,389.15,389.15,389.15,389.15,0
2024-04-05,394.8,394.8,394.8,394.8,0
2024-04-08,389.95,389.95,389.95,389.95,0
2024-04-09,391.1,391.1,391.1,391.1,0
2024-04-11,388.3,388.3,388.3,388.3,0
2024-04-12,388.45,388.45,388.45,388.45,0
2024-04-15,384.7,384.7,384.7,384.7,0
2024-04-16,382.25,382.25,382.25,382.25,0
2024-04-17,372.45,372.45,372.45,372.45,0
2024-04-18,368.65,368.65,368.65,368.65,0
2024-04-19,374.75,374.75,374.75,374.75,0
2024-04-22,367.9,367.9,367.9,367.9,0
2024-04-23,373.05,373.05,373.05,373.05,0
2024-04-24,372.75,372.75,372.75,372.75,0
2024-04-25,379.45,379.45,379.45,379.45,0
2024-04-26,372.7,372.7,372.7,372.7,0
2024-04-29,376.4,376.4,376.4,376.4,0
2024-04-30,380.4,380.4,380.4,380.4,0
2024-05-02,382.25,382.25,382.25,382.25,0
2024-05-03,380.0,380.0,380.0,380.0,0
2024-05-07,379.1,379.1,379.1,379.1,0
2024-05-08,389.2,389.2,389.2,389.2,0
2024-05-09,390.9,390.9,390.9,390.9,0
2024-05-10,386.1,386.1,386.1,386.1,0
2024-05-13,387.75,387.75,387.75,387.75,0
2024-05-14,386.95,386.95,386.95,386.95,0
2024-05-16,387.25,387.25,387.25,387.25,0
2024-05-17,391.85,391.85,391.85,391.85,0
2024-05-20,386.85,386.85,386.85,386.85,0
2024-05-21,390.4,390.4,390.4,390.4,0
2024-05-22,388.8,388.8,388.8,388.8,0
2024-05-23,388.4,388.4,388.4,388.4,0
2024-05-24,388.35,388.35,388.35,388.35,0
2024-05-27,381.65,381.65,381.65,381.65,0
2024-05-28,387.3,387.3,387.3,387.3,0
2024-05-29,387.7,387.7,387.7,387.7,0
2024-05-30,381.5,381.5,381.5,381.5,0
2024-05-31,374.6,374.6,374.6,374.6,0
2024-06-03,374.4,374.4,374.4,374.4,0
2024-06-04,381.2,381.2,381.2,381.2,0
2024-06-05,378.15,378.15,378.15,378.15,0
2024-06-07,381.6,381.6,381.6,381.6,0
2024-06-10,387.45,387.45,387.45,387.45,0
2024-06-11,383.2,383.2,383.2,383.2,0
2024-06-12,384.1,384.1,384.1,384.1,0
2024-06-13,387.2,387.2,387.2,387.2,0
2024-06-14,384.4,384.4,384.4,384.4,1
2024-06-17,384.4,384.4,384.4,384.4,0
2024-06-18,389.7,389.7,389.7,389.7,0
2024-06-19,395.65,395.65,390.75,390.75,2
2024-06-20,390.75,390.75,390.75,390.75,0
2024-06-21,389.05,389.05,389.05,389.05,1
2024-06-24,389.05,389.05,389.05,389.05,0
2024-06-25,394.8,394.8,394.8,394.8,0
2024-06-26,396.15,396.15,396.15,396.15,0
2024-06-27,389.95,389.95,389.6,389.6,2
2024-06-28,389.6,389.6,389.6,389.6,0
2024-07-01,401.0,401.0,401.0,401.0,0
2024-07-02,401.35,401.35,401.35,401.35,0
2024-07-03,397.9,397.9,397.9,397.9,0
2024-07-04,399.9,399.9,399.9,399.9,0
2024-07-05,405.9,405.9,405.9,405.9,0
2024-07-08,413.4,413.4,413.4,413.4,0
2024-07-09,402.4,402.4,402.4,402.4,4
2024-07-10,402.4,402.4,402.4,402.4,0
2024-07-11,413.6,413.6,413.6,413.6,0
2024-07-12,401.0,401.5,401.0,401.0,3
2024-07-15,401.0,401.0,401.0,401.0,0
2024-07-16,412.25,412.25,412.25,412.25,0
2024-07-17,412.15,412.15,412.15,412.15,0
2024-07-18,395.0,395.0,394.0,394.0,3
2024-07-19,394.0,394.0,394.0,394.0,0
2024-07-22,399.9,399.9,399.9,399.9,0
2024-07-23,393.0,393.0,389.05,389.05,6
2024-07-24,387.4,387.4,386.4,386.4,2
2024-07-25,378.4,378.95,377.8,378.95,6
2024-07-26,378.95,378.95,378.95,378.95,0
2024-07-29,386.0,387.0,385.15,385.15,8
2024-07-30,385.15,385.15,385.15,385.15,0
2024-07-31,389.8,389.8,389.8,389.8,0
2024-08-01,387.4,388.5,387.4,388.5,2
2024-08-02,377.4,377.4,370.0,370.0,2
2024-08-05,358.5,358.5,332.95,338.9,10
2024-08-06,353.05,354.8,348.85,354.8,6
2024-08-07,354.8,354.8,354.8,354.8,0
2024-08-08,361.15,361.15,361.15,361.15,0
2024-08-09,356.6,356.6,356.6,356.6,0
2024-08-12,363.8,363.8,363.8,363.8,290
2024-08-13,366.95,366.95,366.95,366.95,0
2024-08-14,368.5,368.5,368.5,368.5,0
2024-08-16,372.6,372.6,372.6,372.6,0
2024-08-19,381.6,381.6,381.6,381.6,0
2024-08-20,374.4,374.75,374.4,374.75,2
2024-08-21,374.75,374.75,374.75,374.75,0
2024-08-22,381.65,381.65,381.65,381.65,0
2024-08-23,382.05,382.05,382.05,382.05,0
2024-08-26,371.55,372.5,371.45,372.0,4
2024-08-27,372.0,372.0,372.0,372.0,0
2024-08-28,378.5,378.5,378.5,378.5,0
2024-08-29,365.2,367.0,365.2,366.7,5
2024-08-30,366.7,366.7,366.7,366.7,0
2024-09-02,374.8,374.8,374.8,374.8,0
2024-09-03,374.7,374.7,374.7,374.7,0
2024-09-04,371.0,371.0,371.0,371.0,0
2024-09-05,357.5,357.5,357.5,357.5,0
2024-09-06,347.85,347.85,346.45,346.45,8
2024-09-09,338.55,343.9,338.55,343.9,4
2024-09-10,343.9,343.9,343.9,343.9,0
2024-09-11,349.2,349.2,349.2,349.2,0
2024-09-12,345.7,345.7,345.7,345.7,0
2024-09-13,354.45,354.45,354.45,354.45,0
2024-09-19,354.35,354.35,354.35,354.35,0
2024-09-20,354.3,354.3,354.3,354.3,0
2024-09-23,355.25,355.25,355.25,355.25,0
2024-09-24,356.15,356.15,356.15,356.15,0
2024-09-25,354.7,354.7,354.6,354.6,4
2024-09-26,354.6,354.6,354.6,354.6,0
2024-09-27,367.95,367.95,367.95,367.95,0
2024-09-30,349.4,349.4,349.4,349.4,1
2024-10-02,341.4,347.6,341.4,347.6,3
2024-10-04,347.6,347.6,347.6,347.6,0
2024-10-07,352.55,352.55,352.55,352.55,0
2024-10-08,358.05,358.05,358.05,358.05,0
2024-10-10,354.7,354.7,354.7,354.7,0
2024-10-11,355.45,355.45,355.45,355.45,0
2024-10-14,355.8,355.8,355.8,355.8,0
2024-10-15,359.2,359.2,359.2,359.2,0
2024-10-16,360.9,360.9,360.9,360.9,0
2024-10-17,357.25,357.25,357.25,357.25,0
2024-10-18,358.05,358.05,358.05,358.05,0
2024-10-21,355.85,355.85,355.85,355.85,260
2024-10-22,356.15,356.15,356.15,356.15,0
2024-10-23,351.4,351.4,351.4,351.4,0
2024-10-24,355.8,355.8,355.8,355.8,0
2024-10-25,352.5,352.5,352.5,352.5,0
2024-10-28,352.8,352.8,352.8,352.8,0
2024-10-29,356.05,356.05,356.05,356.05,0
2024-10-30,357.5,357.5,357.5,357.5,0
2024-10-31,354.35,354.35,354.35,354.35,0
2024-11-01,348.45,348.45,348.45,348.45,0
2024-11-04,345.65,345.65,345.65,345.65,0
2024-11-05,348.4,348.4,348.4,348.4,0
2024-11-06,347.6,347.6,347.6,347.6,0
2024-11-07,346.8,346.8,346.8,346.8,0
2024-11-08,346.0,346.0,346.0,346.0,0
2024-11-11,345.0,345.0,345.0,345.0,120
2024-11-12,339.95,339.95,339.95,339.95,0
2024-11-13,331.55,331.55,331.55,331.55,993
2024-11-14,322.2,322.2,322.2,322.2,312
2024-11-15,321.4,321.4,321.4,321.4,0
2024-11-18,324.05,324.05,324.05,324.05,0
2024-11-19,331.55,331.55,331.55,331.55,0
2024-11-20,333.15,333.15,333.15,333.15,0
2024-11-21,333.6,333.6,333.6,333.6,0
2024-11-22,333.75,333.75,333.75,333.75,0
2024-11-25,336.1,336.1,336.1,336.1,0
2024-11-26,340.35,340.35,340.35,340.35,0
2024-11-27,339.2,339.2,339.2,339.2,0
2024-11-28,336.6,336.6,336.6,336.6,0
2024-11-29,334.3,334.3,334.3,334.3,400
2024-12-02,328.1,328.1,328.1,328.1,300
2024-12-03,327.5,327.5,327.5,327.5,0
2024-12-04,332.55,332.55,332.55,332.55,200
2024-12-05,324.3,324.3,324.3,324.3,601
2024-12-06,324.3,324.3,324.3,324.3,2
2024-12-09,324.3,324.3,324.3,324.3,0
2024-12-10,315.1,315.1,315.1,315.1,600
2024-12-11,321.8,321.8,321.8,321.8,200
2024-12-12,325.3,325.3,325.3,325.3,0
2024-12-13,330.95,330.95,330.95,330.95,0
2024-12-16,332.1,332.1,332.1,332.1,0
2024-12-17,330.35,330.35,330.35,330.35,0
2024-12-18,329.35,329.35,329.35,329.35,3
2024-12-19,324.1,324.1,324.1,324.1,1
2024-12-20,317.65,317.65,317.65,317.65,3
2024-12-23,317.65,317.65,317.65,317.65,700
2024-12-24,324.95,324.95,324.95,324.95,1
2024-12-26,325.3,325.3,325.3,325.3,1
2024-12-27,325.3,325.3,325.3,325.3,0
2024-12-30,322.35,322.35,322.35,322.35,0
2025-01-02,321.55,321.55,321.55,321.55,400
2025-01-03,319.85,319.85,319.85,319.85,0
2025-01-06,327.15,327.15,327.15,327.15,0
2025-01-07,333.6,333.6,333.6,333.6,0
2025-01-08,334.2,334.2,334.2,334.2,0
2025-01-09,337.1,337.1,337.1,337.1,400
2025-01-10,336.65,336.65,336.65,336.65,400
2025-01-13,330.7,330.8,330.7,330.8,102
2025-01-14,330.8,330.8,330.8,330.8,200
2025-01-15,334.05,334.05,334.05,334.05,200
2025-01-16,333.45,333.45,333.45,333.45,0
2025-01-17,336.4,336.4,336.4,336.4,1
2025-01-20,336.4,336.4,336.4,336.4,0
2025-01-21,336.75,336.75,336.75,336.75,0
2025-01-22,336.75,336.75,336.75,336.75,0
2025-01-23,341.05,341.05,341.05,341.05,0
2025-01-24,336.75,336.75,336.75,336.75,0
2025-01-31,338.6,338.6,338.6,338.6,0
2025-02-03,325.8,325.8,323.5,323.5,2
2025-02-04,323.5,323.5,323.5,323.5,0
2025-02-05,332.5,332.5,332.5,332.5,1
2025-02-06,332.5,332.5,332.5,332.5,0
2025-02-07,337.4,337.4,337.4,337.4,0
2025-02-10,335.8,335.8,335.8,335.8,0
2025-02-11,336.4,336.4,336.4,336.4,1
2025-02-12,336.4,336.4,336.4,336.4,0
2025-02-13,340.3,340.4,340.3,340.4,2
2025-02-14,343.05,343.05,343.05,343.05,3
2025-02-17,343.05,343.05,343.05,343.05,0
2025-02-18,347.45,347.45,347.45,347.45,0
2025-02-19,356.0,356.5,356.0,356.5,2
2025-02-20,352.45,352.5,352.3,352.3,5
2025-02-21,352.3,352.3,352.3,352.3,0
2025-02-24,354.85,354.85,354.85,354.85,0
2025-02-25,351.2,351.2,351.2,351.2,0
2025-02-26,350.05,350.05,350.05,350.05,0
2025-02-27,351.4,351.4,351.4,351.4,0
2025-02-28,350.0,350.0,350.0,350.0,0
2025-03-04,336.4,336.4,336.4,336.4,0
2025-03-05,338.2,338.2,338.2,338.2,1
2025-03-06,338.2,338.2,338.2,338.2,250
2025-03-07,342.95,342.95,342.95,342.95,0
2025-03-10,341.1,341.1,341.1,341.1,0
2025-03-11,332.8,336.0,332.8,336.0,2
2025-03-12,336.0,336.0,336.0,336.0,200
2025-03-13,343.9,343.9,343.9,343.9,5
2025-03-14,343.9,343.9,343.9,343.9,0
2025-03-17,348.0,348.0,348.0,348.0,1
2025-03-18,348.0,348.0,348.0,348.0,0
2025-03-19,351.1,351.1,351.1,351.1,0
2025-03-20,353.85,353.85,353.85,353.85,0
2025-03-21,356.5,356.5,356.5,356.5,0
2025-03-24,358.35,358.35,358.35,358.35,0
2025-03-25,357.05,357.05,357.05,357.05,0
2025-03-26,357.0,357.0,357.0,357.0,1
2025-03-27,357.0,357.0,357.0,357.0,0
2025-03-28,349.5,349.5,348.0,348.0,2
2025-03-31,348.0,348.0,348.0,348.0,0
2025-04-01,336.05,336.05,336.05,336.05,0
2025-04-02,342.6,342.6,342.6,342.6,300
2025-04-03,339.85,339.85,339.85,339.85,0
2025-04-04,334.3,334.3,334.3,334.3,0
2025-04-07,311.05,311.05,311.0,311.0,502
2025-04-08,314.0,314.0,314.0,314.0,1
2025-04-09,309.0,312.75,308.0,308.0,3
2025-04-10,323.0,323.0,320.0,322.0,6
2025-04-11,322.0,322.0,322.0,322.0,0
2025-04-14,323.05,323.05,323.05,323.05,0
2025-04-15,326.65,326.65,326.65,326.65,0
2025-04-16,329.5,329.5,329.5,329.5,300
2025-04-17,324.5,324.5,324.5,324.5,300
2025-04-18,327.1,327.1,327.1,327.1,0
2025-04-21,329.75,329.75,329.75,329.75,300
2025-04-22,329.45,329.45,329.45,329.45,0
2025-04-23,329.15,329.15,329.15,329.15,200
2025-04-24,335.65,335.65,335.65,335.65,0
2025-04-25,334.4,334.4,334.4,334.4,300
2025-04-28,338.25,338.25,338.25,338.25,0
2025-04-29,338.35,338.35,338.35,338.35,200
2025-04-30,340.65,340.65,340.65,340.65,0
2025-05-02,339.65,339.65,339.65,339.65,0
2025-05-07,340.2,340.2,340.2,340.2,0
2025-05-08,341.95,341.95,341.95,341.95,0
2025-05-09,342.25,342.25,342.25,342.25,0
2025-05-12,342.5,342.5,342.5,342.5,0
2025-05-13,347.6,347.6,347.6,347.6,0
2025-05-14,352.5,352.5,352.5,352.5,1
2025-05-15,352.5,352.5,352.2,352.2,2
2025-05-16,352.2,352.2,352.2,352.2,0
2025-05-19,352.05,352.05,352.05,352.05,0
2025-05-20,347.7,347.7,347.7,347.7,0
2025-05-21,349.0,349.0,349.0,349.0,0
2025-05-22,350.85,350.85,350.85,350.85,300
2025-05-23,346.1,346.1,346.1,346.1,0
2025-05-26,346.85,346.85,346.85,346.85,0
2025-05-27,351.95,351.95,351.95,351.95,0
2025-05-28,353.35,353.35,353.35,353.35,0
2025-05-29,358.65,358.65,358.65,358.65,0
2025-05-30,365.35,365.35,365.35,365.35,0
2025-06-02,362.1,362.1,362.1,362.1,700
2025-06-04,361.0,361.0,361.0,361.0,0
2025-06-05,373.45,373.45,373.45,373.45,1
2025-06-09,385.7,385.7,385.7,385.7,1
2025-06-10,385.7,385.7,385.7,385.7,0
2025-06-11,387.5,387.5,387.5,387.5,0
2025-06-12,393.25,393.25,393.25,393.25,0
2025-06-13,388.4,388.4,386.65,386.65,4
2025-06-16,386.65,386.65,386.65,386.65,240
2025-06-17,398.9,404.0,398.9,404.0,3
2025-06-18,404.0,404.0,404.0,404.0,0
2025-06-19,402.15,402.15,402.15,402.15,45
2025-06-20,402.05,402.05,402.05,402.05,0
2025-06-23,408.15,408.15,408.15,408.15,0
2025-06-24,416.7,418.8,416.7,418.8,5
2025-06-25,418.8,418.8,418.8,418.8,0
2025-06-26,420.0,420.0,420.0,420.0,401
2025-06-27,420.0,420.0,420.0,420.0,0
2025-06-30,416.4,416.4,416.4,416.4,0
2025-07-01,419.15,419.15,419.15,419.15,0
2025-07-02,419.95,419.95,419.95,419.95,0
2025-07-03,418.1,418.1,418.1,418.1,0
2025-07-04,424.8,424.8,424.8,424.8,0
2025-07-07,413.5,415.0,413.5,415.0,3
2025-07-08,415.0,415.0,415.0,415.0,0
2025-07-09,422.5,423.5,422.5,423.5,2
2025-07-10,423.5,423.5,423.5,423.5,0
2025-07-11,428.5,428.5,428.45,428.45,502
2025-07-14,428.45,428.45,428.45,428.45,0
2025-07-15,436.0,436.0,436.0,436.0,0
2025-07-16,433.0,433.0,433.0,433.0,1
2025-07-17,433.0,433.0,433.0,433.0,0
2025-07-18,435.25,435.25,435.25,435.25,0
2025-07-21,435.0,435.0,435.0,435.0,0
2025-07-22,438.1,438.1,438.1,438.1,150
2025-07-23,432.2,432.2,432.2,432.2,125
2025-07-24,437.7,437.7,437.7,437.7,1
2025-07-25,437.7,437.7,437.7,437.7,0
2025-07-28,434.1,434.5,434.1,434.5,2
2025-07-29,434.5,434.5,434.5,434.5,0
2025-07-30,439.6,439.6,439.6,439.6,0
2025-07-31,443.5,443.5,443.5,443.5,0
2025-08-01,424.0,424.0,424.0,424.0,7
2025-08-04,424.0,424.0,424.0,424.0,0
2025-08-05,428.45,428.45,428.45,428.45,0
2025-08-06,434.9,434.9,434.9,434.9,0
2025-08-07,433.0,433.0,432.8,432.8,9
2025-08-08,432.8,432.8,432.8,432.8,300
2025-08-11,437.1,437.1,437.1,437.1,0
2025-08-12,436.8,436.8,436.8,436.8,0
2025-08-13,435.45,435.45,435.45,435.45,300
2025-08-14,440.45,440.45,440.45,440.45,0
2025-08-18,439.25,439.25,439.25,439.25,24
2025-08-19,433.1,433.1,433.1,433.1,0
2025-08-20,429.75,429.75,429.75,429.75,0
2025-08-21,427.3,427.3,427.3,427.3,0
2025-08-22,428.7,428.7,428.7,428.7,5
2025-08-25,428.7,428.7,428.7,428.7,0
2025-08-26,437.3,437.3,437.3,437.3,0
2025-08-27,432.8,432.8,432.8,432.8,0
2025-08-28,432.0,433.25,432.0,433.25,6
2025-08-29,433.25,433.25,433.25,433.25,20
2025-09-01,433.9,433.9,433.9,433.9,0
2025-09-02,426.45,426.45,426.45,426.45,0
2025-09-03,431.25,431.25,431.25,431.25,100
2025-09-04,433.2,433.2,433.2,433.2,0
2025-09-05,434.55,434.55,434.55,434.55,350
2025-09-08,430.5,436.9,430.5,434.45,4
2025-09-09,438.65,442.3,438.65,442.3,152
2025-09-10,449.3,451.15,449.0,451.15,11
2025-09-11,452.95,457.2,452.95,455.5,6
2025-09-12,460.0,463.5,460.0,463.5,3
2025-09-15,466.7,467.3,463.8,467.3,4
2025-09-16,467.3,474.6,467.3,474.6,7
2025-09-17,470.4,470.4,468.0,468.0,4
2025-09-18,468.0,468.0,468.0,468.0,200
2025-09-19,478.6,478.6,478.6,478.6,0
2025-09-22,477.3,477.3,477.3,477.3,0
2025-09-23,481.7,481.7,481.7,481.7,0
2025-09-24,485.85,485.85,485.85,485.85,0
2025-09-25,484.1,484.1,484.1,484.1,0
2025-09-26,472.0,472.0,467.4,467.7,7
2025-09-29,467.7,467.7,467.7,467.7,0
2025-09-30,480.25,480.25,480.25,480.25,0
2025-10-01,479.0,479.0,479.0,479.0,0
2025-10-02,483.8,483.8,483.8,483.8,0
2025-10-10,498.8,498.8,498.8,498.8,0
2025-10-13,511.9,511.9,511.9,511.9,0
2025-10-14,505.45,505.45,505.45,505.45,0
2025-10-15,500.95,500.95,500.95,500.95,125
2025-10-16,515.45,515.45,515.45,515.45,0
2025-10-17,526.0,530.0,525.1,530.0,5
2025-10-20,530.0,530.0,530.0,530.0,0
2025-10-21,539.1,549.2,539.1,539.45,20
2025-10-22,540.4,544.0,540.4,544.0,11
2025-10-23,542.3,547.5,542.3,547.5,2
2025-10-24,548.5,554.3,548.5,554.0,17
2025-10-27,560.0,568.0,560.0,568.0,2
2025-10-28,559.6,559.6,559.6,559.6,1
2025-10-29,559.6,559.6,559.6,559.6,0
2025-10-30,579.25,579.25,579.25,579.25,0
2025-10-31,580.65,580.65,580.65,580.65,0
2025-11-03,587.7,587.7,587.7,587.7,0
2025-11-04,605.9,605.9,605.9,605.9,300
2025-11-05,589.95,589.95,589.95,589.95,0
2025-11-06,571.75,571.75,571.75,571.75,0
2025-11-07,566.9,566.9,566.9,566.9,1
2025-11-10,566.9,566.9,566.9,566.9,0
2025-11-11,583.85,583.85,583.85,583.85,0
2025-11-12,588.6,588.6,588.6,588.6,0
2025-11-13,594.8,594.8,594.8,594.8,0
2025-11-14,598.3,598.3,598.3,598.3,0
2025-11-17,570.35,570.35,570.35,570.35,0
2025-11-18,583.35,583.35,583.35,583.35,0
2025-11-19,563.55,563.55,563.55,563.55,600
2025-11-20,560.25,560.25,560.25,560.25,0
2025-11-21,544.0,545.0,544.0,545.0,4
2025-11-24,570.0,570.0,544.2,544.2,5
2025-11-25,544.2,544.2,544.2,544.2,0
2025-11-26,561.0,561.9,561.0,561.9,2
2025-11-27,561.9,561.9,561.9,561.9,0
2025-11-28,560.0,560.0,559.0,559.0,402
2025-12-01,559.0,559.0,559.0,559.0,0
2025-12-02,560.55,560.55,560.55,560.55,500
2025-12-03,572.9,572.9,572.9,572.9,0
2025-12-04,578.85,578.85,578.85,578.85,0
2025-12-05,577.8,577.8,577.8,577.8,0
2025-12-08,582.0,594.7,582.0,594.7,2
2025-12-09,591.8,591.8,591.8,591.8,1
2025-12-10,591.8,591.8,591.8,591.8,0
2025-12-11,593.4,593.4,593.4,593.4,0
2025-12-12,587.9,591.5,587.9,589.2,15
2025-12-15,589.2,589.2,589.2,589.2,0
2025-12-16,576.15,576.15,568.7,568.85,8
2025-12-17,576.95,577.0,576.95,577.0,2
2025-12-18,577.0,577.0,577.0,577.0,0
2025-12-19,572.6,572.6,572.6,572.6,0
2025-12-22,577.4,577.4,577.4,577.4,0
2025-12-23,594.0,594.0,594.0,594.0,4
2025-12-24,594.0,594.0,594.0,594.0,0
2025-12-26,591.5,591.5,591.5,591.5,0
2025-12-29,596.85,596.85,596.85,596.85,0
2025-12-30,611.5,611.5,611.25,611.25,2
2026-01-02,611.25,611.25,609.8,609.8,103
2026-01-05,635.8,650.0,635.8,650.0,8
2026-01-06,650.0,666.4,645.0,666.4,206
2026-01-07,674.6,674.6,662.0,662.0,9
2026-01-08,678.95,678.95,678.95,678.95,1
2026-01-09,678.95,678.95,678.95,678.95,0
2026-01-12,671.25,680.6,671.25,679.6,3
2026-01-13,683.05,688.0,682.6,688.0,6
2026-01-14,688.0,688.0,688.0,688.0,0
2026-01-15,699.5,699.5,699.5,699.5,401
2026-01-16,720.0,720.0,720.0,720.0,2
2026-01-19,720.0,720.0,720.0,720.0,0
2026-01-20,725.4,725.4,725.4,725.4,0
2026-01-21,717.3,717.3,717.3,717.3,400
2026-01-22,725.25,725.25,725.25,725.25,300
2026-01-23,733.7,733.7,733.7,733.7,0
2026-01-26,729.35,731.7,729.35,731.7,2
2026-01-27,735.5,748.85,735.5,748.85,7
2026-01-28,748.85,748.85,748.85,748.85,0
2026-01-29,756.9,776.55,756.9,776.55,3
2026-01-30,776.55,776.55,776.55,776.55,0
2026-02-02,733.7,736.4,733.7,736.4,2
2026-02-03,736.4,736.4,736.4,736.4,0
2026-02-04,788.45,788.45,788.45,788.45,0
2026-02-05,802.0,802.0,802.0,802.0,0
2026-02-06,770.45,770.45,770.45,770.45,226
2026-02-09,759.5,759.5,759.5,759.5,0
2026-02-10,794.65,794.65,794.65,794.65,153
2026-02-11,794.65,794.65,794.65,794.65,350
2026-02-12,815.3,815.4,815.3,815.4,2
2026-02-13,815.4,815.4,815.4,815.4,0
2026-02-19,826.1,826.1,826.1,826.1,0
2026-02-20,852.9,852.9,852.9,852.9,0
2026-02-23,872.6,872.6,872.6,872.6,0
2026-02-24,880.55,880.55,880.55,880.55,0
2026-02-25,900.8,900.8,900.8,900.8,0
2026-02-26,921.4,921.4,921.4,921.4,0
2026-02-27,943.5,955.0,931.8,955.0,3
2026-03-03,955.0,955.0,955.0,955.0,0
2026-03-04,820.0,820.0,780.0,780.0,7
2026-03-05,843.2,843.2,843.2,843.2,1
2026-03-06,843.2,843.2,843.2,843.2,0
2026-03-09,750.05,782.9,750.05,777.3,5
2026-03-10,777.3,777.3,777.3,777.3,0
2026-03-11,851.0,855.2,851.0,855.2,2
2026-03-12,855.2,855.2,855.2,855.2,285
2026-03-13,816.7,816.7,816.7,816.7,1
2026-03-16,818.2,845.0,818.2,845.0,2
2026-03-17,845.3,845.3,845.3,845.3,201
2026-03-18,865.2,887.5,865.2,887.5,2
2026-03-19,887.5,887.5,887.5,887.5,301
2026-03-20,887.5,887.5,887.5,887.5,0
2026-03-23,873.45,873.45,873.45,873.45,0
2026-03-24,815.4,815.4,815.4,815.4,1
2026-03-25,815.4,815.4,815.4,815.4,0
2026-03-26,851.55,851.55,851.3,851.4,7
2026-03-27,792.0,818.4,788.0,818.4,7
2026-03-30,775.05,791.7,770.0,791.7,10
2026-03-31,770.0,783.0,763.55,763.55,707
2026-04-01,763.55,763.55,763.55,763.55,0
2026-04-02,790.0,790.0,788.0,788.0,4
2026-04-03,807.0,810.0,807.0,810.0,2
2026-04-06,810.0,810.0,810.0,810.0,0
2026-04-07,822.0,822.0,822.0,822.0,0
2026-04-08,880.0,897.2,880.0,897.2,2
2026-04-09,888.0,888.0,878.0,878.0,4
2026-04-10,878.0,878.0,878.0,878.0,0
2026-04-13,868.0,879.0,868.0,879.0,3
2026-04-14,910.0,910.0,908.0,908.0,3
2026-04-15,942.0,945.15,928.0,931.0,15
2026-04-16,937.0,951.75,937.0,951.75,3
2026-04-17,949.0,951.6,949.0,951.6,302
2026-04-20,949.0,956.0,949.0,956.0,2
2026-04-21,972.0,972.0,972.0,972.0,1
2026-04-22,970.7,970.7,970.0,970.0,2
2026-04-23,992.0,994.0,970.0,970.0,6
2026-04-24,988.0,989.0,892.45,989.0,3
2026-04-27,989.0,989.0,989.0,989.0,0
2026-04-28,1009.75,1009.75,1009.75,1009.75,800
2026-04-29,1014.7,1014.7,1014.7,1014.7,0
2026-04-30,1018.2,1018.2,1018.2,1018.2,0
2026-05-04,1011.25,1011.25,1011.25,1011.25,0
2026-05-06,1130.0,1144.85,1127.0,1144.85,213
2026-05-07,1175.75,1175.75,1175.75,1175.75,401
2026-05-08,1175.75,1175.75,1175.75,1175.75,0
2026-05-11,1168.1,1168.1,1168.1,1168.1,0
2026-05-12,1230.0,1230.0,1230.0,1230.0,0
2026-05-13,1176.1,1200.5,1176.1,1200.3,3
2026-05-14,1200.3,1200.3,1200.3,1200.3,600
2026-05-15,1261.7,1261.7,1261.7,1261.7,0
2026-05-18,1187.95,1187.95,1187.95,1187.95,0
2026-05-19,1187.3,1187.3,1187.3,1187.3,0
2026-05-20,1151.6,1151.6,1151.6,1151.6,124
2026-05-21,1140.5,1140.5,1140.5,1140.5,0
2026-05-22,1244.0,1244.0,1244.0,1244.0,1
2026-05-26,1244.0,1244.0,1244.0,1244.0,500
2026-05-27,1350.0,1350.0,1332.7,1336.2,8
2026-05-28,1273.25,1313.7,1264.9,1313.7,6
2026-05-29,1335.0,1364.1,1335.0,1364.1,105
2026-06-01,1400.0,1439.35,1400.0,1439.35,452
2026-06-02,1420.0,1434.1,1405.05,1434.1,1256
2026-06-04,1434.1,1434.1,1434.1,1434.1,321
2026-06-05,1400.55,1400.55,1400.55,1400.55,0
2026-06-08,1316.0,1316.0,1316.0,1316.0,0
2026-06-09,1250.0,1304.9,1247.0,1302.65,11
2026-06-10,1279.1,1279.1,1247.65,1247.65,4
2026-06-11,1215.0,1242.0,1215.0,1241.85,18
2026-06-12,1335.1,1365.35,1314.9,1314.9,216
2026-06-15,1372.85,1393.8,1372.85,1381.6,414
2026-06-16,1421.05,1421.05,1398.65,1417.4,407
2026-06-17,1406.8,1442.55,1397.75,1439.75,673
2026-06-18,1457.65,1488.95,1452.85,1487.9,170
2026-06-19,1525.05,1547.05,1459.0,1494.05,74
2026-06-22,1457.85,1520.1,1457.85,1503.1,31
2026-06-23,1505.45,1505.45,1339.25,1342.2,39
2026-06-24,1369.8,1403.2,1324.7,1384.95,33
2026-06-25,1484.8,1494.4,1466.05,1471.0,15
2026-06-26,1430.0,1430.0,1346.9,1394.75,27
2026-06-29,1356.5,1387.5,1345.5,1387.5,9
2026-06-30,1378.9,1411.45,1349.45,1411.45,59
2026-07-01,1416.35,1416.35,1345.7,1372.3,337
2026-07-02,1270.9,1313.0,1262.55,1262.55,118
2026-07-03,1220.9,1327.4,1220.9,1326.3,14
2026-07-06,1325.0,1334.5,1285.75,1314.1,12
2026-07-07,1270.05,1270.05,1209.0,1245.9,15
2026-07-08,1245.9,1262.0,1166.25,1166.25,28
2026-07-09,1230.7,1235.9,1162.05,1190.3,21
2026-07-10,1215.45,1258.0,1215.0,1226.6,24
2026-07-13,1211.95,1224.35,1099.5,1100.0,43
2026-07-14,1096.95,1133.55,1041.1,1111.55,23
2026-07-15,1180.0,1206.5,1180.0,1206.5,205
2026-07-16,1114.3,1122.0,1092.3,1097.2,326
2026-07-20,1051.0,1093.45,1045.55,1045.55,14
2026-07-21,1048.5,1104.3,1048.5,1094.15,27
2026-07-22,1147.5,1159.3,1094.95,1094.95,99
2026-07-23,1121.95,1145.15,1121.9,1142.5,152
2026-07-24,1126.0,1126.05,1062.8,1071.25,83
2026-07-27,1074.95,1087.55,1055.05,1073.85,48
2026-07-28,1025.0,1025.0,957.0,964.95,87
2026-07-29,970.65,994.0,835.0,901.35,111
2026-07-30,910.0,945.8,880.0,880.95,65
2026-07-31,951.4,1052.55,951.4,1050.05,97
2026-08-03,1020.0,1022.1,991.25,1000.75,54
2026-08-04,1007.2,1014.35,964.35,1009.1,50
2026-08-05,1057.85,1061.25,1043.3,1051.15,355
2026-08-06,1022.8,1022.8,987.15,987.15,387
2026-08-07,1013.45,1013.45,979.0,987.1,44
2026-08-10,988.0,1008.0,986.0,988.15,30
2026-08-11,978.5,1009.2,972.9,1004.2,21
2026-08-12,1010.0,1054.8,1010.0,1040.35,933
2026-08-13,1083.0,1087.6,1070.05,1077.5,463
2026-08-14,1106.85,1110.5,1090.0,1105.8,847
2026-08-18,1106.25,1149.85,1078.0,1090.1,564
2026-08-19,1036.7,1041.8,1011.6,1020.5,249
2026-08-20,1056.55,1096.5,1043.1,1084.05,1093
2026-08-21,1076.25,1107.1,1076.25,1102.8,4758
2026-08-24,1081.0,1090.45,1054.95,1056.15,764
2026-08-25,1028.15,1067.1,1009.8,1064.15,309
2026-08-26,1059.45,1089.1,1057.0,1075.7,354
2026-08-27,1109.5,1110.0,1081.0,1091.2,450
2026-08-28,1075.4,1087.5,1069.8,1070.4,178
2026-08-31,1038.45,1075.0,1027.9,1070.0,234
2026-09-01,1069.8,1080.95,1059.3,1076.95,1194
2026-09-02,1041.15,1052.15,1030.1,1030.1,880
2026-09-03,1047.2,1051.1,1010.0,1033.75,1877
2026-09-04,1044.15,1064.45,1044.15,1058.95,2167
2026-09-07,1093.6,1111.0,1086.0,1111.0,6549
2026-09-08,1113.0,1140.6,1099.75,1100.2,18158
2026-09-09,1109.95,1130.2,1102.5,1119.0,24258
2026-09-10,1113.1,1120.85,1090.2,1112.0,68822
2026-09-11,1080.75,1098.65,1071.35,1088.3,104371
2026-09-14,1061.75,1067.35,1045.35,1048.4,110507
2026-09-15,1047.75,1057.75,1033.95,1039.8,87941
2026-09-16,1038.9,1061.85,1036.3,1061.15,86478
2026-09-17,1062.0,1075.4,1055.85,1062.75,96173
2026-09-18,1092.8,1095.2,1079.0,1092.45,83028
2026-09-21,1101.8,1117.75,1096.5,1115.1,77465
2026-09-22,1139.45,1142.9,1110.1,1112.0,81806
