timestamp,open,high,low,close,volume,sma5,sma10,sma20,sma60,sma120,rsi14,macd,macd_signal,macd_hist,bb_mid,bb_upper,bb_lower,bb_width,bb_percent_b,atr14,prev20_high,prev20_low,prev60_high,prev60_low,return_1,return_5,return_20,return_60
2023-12-15,351.9,352.7,351.85,352.25,5,,,,,,,,,,,,,,,,,,,,,,,
2023-12-22,352.25,369.7,352.25,366.8,0,,,,,,,,,,,,,,,,,,,,0.041305890702626025,,,
2023-12-29,368.65,374.65,368.65,374.65,0,,,,,,,,,,,,,,,,,,,,0.021401308615049075,,,
2024-01-05,382.05,383.4,368.6,368.6,0,,,,,,,,,,,,,,,,,,,,-0.01614840517816618,,,
2024-01-12,356.7,360.65,356.7,360.65,2,364.59000000000003,,,,,,,,,,,,,,,,,,,-0.021568095496473316,,,
2024-01-19,356.8,358.1,342.3,344.15,0,362.96999999999997,,,,,,,,,,,,,,,,,,,-0.04575072785248857,-0.022995031937544375,,
2024-01-26,349.1,352.0,349.1,350.5,0,359.71,,,,,,,,,,,,,,,,,,,0.01845125671945369,-0.04443838604143946,,
2024-02-02,350.65,358.5,345.0,358.5,1,356.47999999999996,,,,,,,,,,,,,,,,,,,0.022824536376604865,-0.04310689977312154,,
2024-02-09,371.5,371.5,364.85,369.95,0,356.75,,,,,,,,,,,,,,,,,,,0.031938633193863364,0.003662506782419861,,
2024-02-16,370.75,375.0,369.35,369.35,0,358.48999999999995,361.54,,,,,,,,,,,,,,,,,,-0.0016218407892957254,0.02412311104949416,,
2024-02-23,373.45,379.3,373.45,375.95,0,364.85,363.90999999999997,,,,,,,,,,,,,,,,,,0.01786922972790017,0.0924015690832487,,
2024-03-01,377.2,377.2,370.15,375.15,0,369.78000000000003,364.745,,,,,,,,,,,,,,,,,,-0.0021279425455512646,0.07032810271041368,,
2024-03-08,373.6,379.7,373.6,374.9,0,373.06,364.77000000000004,,,,,,,,,,,,,,,,,,-0.0006664001066239988,0.045746164574616444,,
2024-03-15,380.4,384.4,366.6,384.4,2,375.95,366.34999999999997,,,,,,,,,,,,,7.321584278223177,,,,,0.02534009069085097,0.039059332342208375,,
2024-03-22,376.4,391.8,374.05,391.8,0,380.44,369.46500000000003,,,,87.89747400306285,,,,,,,,,8.06647111549295,,,,,0.019250780437044757,0.060782455665358004,,
2024-03-29,389.55,392.85,389.0,392.2,0,383.69,374.27,,,,87.9362835529717,,,,,,,,,7.765294607243455,,,,,0.0010209290454312736,0.04322383295651022,,
2024-04-05,393.6,395.3,389.15,394.8,0,387.62,378.7,,,,88.20113410762755,,,,,,,,,7.649916421011783,,,,,0.006629270780214247,0.052379048380647886,,
2024-04-12,389.95,391.1,388.3,388.45,0,390.33000000000004,381.695,,,,83.38610921224219,,,,,,,,,7.567779533796656,,,,,-0.01608409321175286,0.03614297145905576,,
2024-04-19,384.7,384.7,368.65,374.75,0,388.4,382.175,,,,73.9999614617995,,,,,,,,,8.441509567096896,,,,,-0.035268374308147776,-0.025104058272632623,,
2024-04-26,367.9,379.45,367.9,372.7,0,384.58000000000004,382.51,372.025,,,72.68159513010245,,,,372.025,399.52813618480627,344.5218638151937,0.14785638698908027,0.5122713278126606,8.663544598018547,,,,,-0.0054703135423616045,-0.048749361919346645,,
2024-05-03,376.4,382.25,376.4,380.0,0,382.14,382.915,373.4125,,,74.42867034811952,,,,373.4125,399.5512045394374,347.27379546056267,0.13999908701201677,0.6260104530058278,8.726862841017224,395.3,342.3,,,0.019586799034075675,-0.031106578276389518,0.07877927608232782,
2024-05-10,379.1,390.9,379.1,386.1,0,380.4,384.01,374.37749999999994,,,75.82022473425923,,,,374.37749999999994,400.89082636618804,347.86417363381184,0.1416395289043177,0.7210680741845645,8.94637263808742,395.3,342.3,,,0.01605263157894732,-0.02203647416413368,0.05261723009814623,
2024-05-17,387.75,391.85,386.95,391.85,0,381.08000000000004,385.705,375.2375,,,77.08603831043928,,,,375.2375,402.82446929711574,347.6505307028843,0.14703737924442908,0.8010932411799379,8.718060306795461,395.3,342.3,,,0.014892514892514974,0.00875273522975939,0.04590951554784484,
2024-05-24,386.85,390.4,386.85,388.35,0,383.8,386.1,376.225,,,74.52848516932261,,,,376.225,404.2020709689204,348.24792903107965,0.14872520948326332,0.7166953076229748,8.452484570595786,395.3,342.3,,,-0.008931989281612873,0.03629086057371578,0.05358111774281071,
2024-05-31,381.65,387.7,374.6,374.6,0,384.18,384.38,376.9225,,,65.35476415056858,,,,376.9225,403.99245520868124,349.8525447913188,0.14363671687777313,0.457101886905687,8.830878529838945,395.3,342.3,,,-0.03540620574224285,0.005097933995170445,0.03868016082074055,
2024-06-07,374.4,381.6,374.4,381.6,0,384.50000000000006,383.32000000000005,378.79499999999996,,,67.54497160754667,5.814579825005296,,,378.79499999999996,401.34108391716853,356.2489160828314,0.11904108511025001,0.5622059247695803,8.714387206279024,395.3,342.3,,,0.01868659903897485,0.004210526315789442,0.1088188289989831,
2024-06-14,387.45,387.45,383.2,384.4,1,384.16,382.28000000000003,380.48999999999995,,,68.40537017219151,5.624134769249679,,,380.48999999999995,399.010140388237,361.9698596117629,0.09734889425865098,0.6055607548872426,8.509788120116236,395.3,345.0,,,0.007337526205450695,-0.004403004403004562,0.09671897289586306,
2024-06-21,384.4,395.65,384.4,389.05,3,383.6,382.34000000000003,382.0175,,,69.83555645039198,5.781773146999569,,,382.0175,397.87957032515015,366.1554296748498,0.08304368425608864,0.7216766114335534,8.705517540107934,395.3,345.0,,,0.012096774193548487,-0.007145591425290365,0.08521617852161789,
2024-06-28,389.05,396.15,389.05,389.6,2,383.85,383.82500000000005,383.0,,,70.00848716199195,5.883264489715259,,,383.0,398.16964073404546,367.83035926595454,0.07921483412034182,0.71753975969871,8.590837715814507,395.65,364.85,,,0.0014137000385554543,0.003218745976567572,0.05311528584943925,
2024-07-05,401.0,405.9,397.9,405.9,0,390.11,387.145,384.8275,,,74.64733409135228,7.196019650079791,,,384.8275,401.69096568769334,367.96403431230664,0.08764168718552261,1.12479742866196,9.141492164684896,396.15,366.6,,,0.04183778234086222,0.08355579284570203,0.0989576282658724,
2024-07-12,413.4,413.6,401.0,401.0,7,393.99,389.245,386.08,,,71.0877473504135,7.7516424150368834,,,386.08,403.8183595633872,368.34164043661275,0.09188955430681328,0.9205574914265342,9.388528438635978,405.9,366.6,,,-0.012071938901207169,0.050838574423480054,0.06663120095757424,
2024-07-19,401.0,412.25,394.0,394.0,3,395.91,390.03499999999997,387.0225,,,66.22904375181534,7.54021703242455,,,387.0225,404.3357456518127,369.70925434818724,0.08946893605313767,0.701507566528101,10.021490693019123,413.6,366.6,,,-0.017456359102244412,0.024973985431841816,0.050246568039451045,
2024-07-26,399.9,399.9,377.8,378.95,14,393.89,388.745,387.225,,,57.18017521472224,6.088072165335973,,,387.225,404.0543345085304,370.39566549146963,0.08692276846035454,0.25414951803930125,10.884241357803468,413.6,366.6,,,-0.03819796954314725,-0.02596067343529118,0.010802880768204792,
2024-08-02,386.0,389.8,370.0,370.0,12,389.96999999999997,386.91,386.505,,,52.579384180376486,4.167011974137324,6.056022810358858,-1.8890108362215337,386.505,404.9141526149362,368.0958473850638,0.09525958326508689,0.05171755199072228,11.521081260817507,413.6,366.6,,,-0.023617891542419778,-0.05030800821355241,-0.037460978147762725,
2024-08-09,358.5,361.15,332.95,356.6,16,380.11,385.11,384.745,,,46.541388369219256,1.5454746508434027,5.153913178455768,-3.608438527612365,384.745,407.1003326971444,362.3896673028556,0.1162085677378231,-0.1294918617694105,13.3445754564734,413.6,367.9,,,-0.03621621621621618,-0.1214584873121457,-0.08984175599795807,
2024-08-16,363.8,372.6,363.8,372.6,290,374.43,384.21,383.765,,,53.41966705746126,0.7503046721847113,4.273191477201556,-3.522886805016845,383.765,406.4432737438283,361.0867262561717,0.1181883378829664,0.2538392885164281,13.534248638153871,413.6,332.95,,,0.04486819966348854,-0.0708229426433915,-0.0499745028046914,
2024-08-23,381.6,382.05,374.4,382.05,2,372.04,383.975,383.12749999999994,,,56.94336510864479,0.8726039234101108,3.5930739664432676,-2.7204700430331568,383.12749999999994,405.23886529027567,361.0161347097242,0.11542562353407537,0.47563470220281245,13.242516592571452,413.6,332.95,,,0.0253623188405796,-0.03032994923857868,-0.03229483282674772,
2024-08-30,371.55,378.5,365.2,366.7,9,369.59,381.74,382.04,,,50.28867893505483,-0.2660232036744219,2.82125453241973,-3.0872777360941517,382.04,405.1157145068145,358.9642854931855,0.12080260971005395,0.16761592592355126,13.500193978816348,413.6,332.95,,,-0.040177987174453644,-0.03232616440163605,-0.05599176213154844,
2024-09-06,374.8,374.8,346.45,346.45,8,364.88,377.425,380.625,,,43.12812868520172,-2.77046299607764,1.7029110267202556,-4.473374022797896,380.625,408.3230233951813,352.9269766048187,0.14553969600095254,-0.11692127832388127,14.560894408900898,413.6,332.95,,,-0.055222252522497906,-0.06364864864864872,-0.07551701134089395,
2024-09-13,338.55,354.45,338.55,354.45,4,364.45,372.28000000000003,379.7125,,,46.37660792349373,-4.062882058546506,0.5497524096669033,-4.612634468213409,379.7125,409.51711163981184,349.9078883601881,0.15698514871020505,0.0761981349514499,14.656544808265119,413.6,332.95,,,0.023091355173906702,-0.0060291643297814,-0.04896699758518919,
2024-09-20,354.35,354.35,354.3,354.3,0,360.79,367.61,378.4275,,,46.323180171764356,-5.041126257819371,-0.5684233238303517,-4.472702933989019,378.4275,410.2214062557593,346.6335937442407,0.16803169038063714,0.12056408221890884,13.62036303624618,413.6,332.95,,,-0.0004231908590773825,-0.04911433172302737,-0.06763157894736838,
2024-09-27,355.25,367.95,354.6,367.95,4,357.96999999999997,365.005,377.52000000000004,,,51.76851543901151,-4.661219277103498,-1.386982514484981,-3.2742367626185174,377.52000000000004,409.4220438216741,345.617956178326,0.16900849661831985,0.35000960983104396,13.622479962228594,413.6,332.95,,,0.03852667231160023,-0.03690616411464476,-0.047008547008547064,
2024-10-04,349.4,349.4,341.4,347.6,4,354.15,361.87,375.3075,,,44.517697701947675,-5.93381387309995,-2.296348786207975,-3.6374650868919756,375.3075,409.0140464709752,341.6009535290248,0.17962095865910052,0.08898933737013076,14.54587425064084,413.6,332.95,,,-0.05530642750373682,-0.05208617398418314,-0.11292586448896258,
2024-10-11,352.55,358.05,352.55,355.45,0,355.95,360.415,373.6625,,,47.568429777347276,-6.237028284514793,-3.0844846858693384,-3.152543598645454,373.6625,407.86995350066286,339.4550464993372,0.18309278292931636,0.23379339681559266,14.253311804166493,413.6,332.95,,,0.022583429228998808,0.025977774570645096,-0.0847173941032574,
2024-10-18,355.8,360.9,355.8,358.05,0,356.66999999999996,360.56,372.83500000000004,,,48.57697548466988,-6.196104780244184,-3.706808704744308,-2.489296075499876,372.83500000000004,407.70597790426893,337.96402209573114,0.18705849989549744,0.28800422459345415,13.6245038181546,413.6,332.95,,,0.007314671543114493,0.010156580617858735,-0.04418045915643354,
2024-10-25,355.85,356.15,351.4,352.5,260,356.31000000000006,358.55,371.38,,,46.51992003280432,-6.536166367721648,-4.2726802373397765,-2.263486130381872,371.38,407.08510327670274,335.67489672329725,0.19228339316442858,0.23561202366947046,13.126324974000704,413.6,332.95,,,-0.015500628403854244,-0.005080440304826461,-0.07625786163522019,
2024-11-01,352.8,357.5,348.45,348.45,0,352.40999999999997,355.19,369.58250000000004,,,45.02167148271361,-7.051187083064747,-4.82838160648477,-2.2228054765799765,369.58250000000004,406.0952823508427,333.0697176491574,0.19758934663217362,0.21061504164565062,12.835158904429226,413.6,332.95,,,-0.011489361702127665,-0.052996331023236865,-0.09352237252861595,
2024-11-08,345.65,348.4,345.65,346.0,0,352.09,353.12,367.43,,,44.09645298209387,-7.569779528612003,-5.376661190910217,-2.1931183377017858,367.43,404.17344023087674,330.6865597691233,0.20000239627072763,0.20838332141267943,12.11836183982714,413.6,332.95,,,-0.0070311378963983096,-0.004602991944764212,-0.11065415756329522,
2024-11-15,345.0,345.0,321.4,321.4,1425,345.28000000000003,350.61499999999995,364.02,,,36.07908353036719,-9.852212019811645,-6.271771356690502,-3.580440663121143,364.02,404.3811000841157,323.65889991588426,0.2217521019950317,-0.027983626699675673,13.009907422696632,413.6,332.95,,,-0.0710982658959538,-0.09579406386270928,-0.17505133470225887,
2024-11-22,324.05,333.75,324.05,333.75,0,340.41999999999996,348.54499999999996,360.4125,,,41.80002580528154,-10.542981498445897,-7.126013385041582,-3.416968113404315,360.4125,397.95487439214526,322.8701256078548,0.20833003512444898,0.14490125582495844,12.962771178218302,413.6,321.4,,,0.03842563783447428,-0.06786761625471305,-0.1777531411677753,
2024-11-29,336.1,340.35,334.3,334.3,400,336.78,346.54499999999996,357.0775,,,42.048778379239664,-10.920160075741194,-7.884842723181505,-3.035317352559689,357.0775,391.3097139950077,322.84528600499226,0.19173548596597503,0.16730898557537435,12.508287522631283,413.6,321.4,,,0.0016479400749063178,-0.051631205673758784,-0.16633416458852868,
2024-12-06,328.1,332.55,324.3,324.3,1103,331.95,342.18,353.59250000000003,,,38.80152912268137,-11.888944886149318,-8.685663155775067,-3.2032817303742505,353.59250000000003,386.23422598071375,320.9507740192863,0.18462906300735288,0.051302832189274845,12.32912412815762,412.25,321.4,,,-0.029913251570445665,-0.06930693069306926,-0.17690355329949237,
2024-12-13,324.3,330.95,315.1,330.95,800,328.94,340.515,351.1925,,,42.00876519594896,-11.981993442609848,-9.344929213142024,-2.637064229467825,351.1925,383.0731881199261,319.3118118800739,0.18155677083039135,0.18252724150975877,12.580615261860645,399.9,321.4,,,0.020505704594511176,-0.04349710982658961,-0.12666578704314557,
2024-12-20,332.1,332.1,317.65,317.65,7,328.18999999999994,336.735,348.575,,,37.7478996678513,-12.979316460433836,-10.071806662600386,-2.90750979783345,348.575,382.386957943899,314.76304205610097,0.19400104966735432,0.04269137487821708,12.714142743156316,389.8,315.1,,,-0.040187339477262496,-0.011667703795892992,-0.14148648648648654,
2024-12-27,317.65,325.3,317.65,325.3,702,326.5,333.46,347.01,,,41.42786274384146,-13.002526044649926,-10.657950539010294,-2.3445755056396322,347.01,382.065906777603,311.954093222397,0.20204551325669584,0.19035175530147241,12.352418261502297,382.05,315.1,,,0.024083110341571068,-0.025318352059925053,-0.08777341559169938,
2025-01-03,322.35,322.35,319.85,319.85,400,323.61,330.19500000000005,344.3725,,,39.6304880468466,-13.307291091603815,-11.187818649529,-2.119472442074816,344.3725,379.2674061468861,309.4775938531139,0.20265791343319292,0.1486234997054395,11.859388385680704,382.05,315.1,,,-0.0167537657546879,-0.04322464851929397,-0.14157273215244226,
2025-01-10,327.15,337.1,327.15,336.65,800,326.08000000000004,329.015,342.1025,,,47.23068756104471,-12.054246144441152,-11.36110414851143,-0.6931419959297216,342.1025,372.5171588835053,311.6878411164947,0.17781021117065965,0.41036394619968786,12.244432072417798,382.05,315.1,,,0.052524620916054365,0.038082022818378025,-0.11883261353226027,
2025-01-17,330.7,336.4,330.7,336.4,503,327.16999999999996,328.05499999999995,340.5875,,,47.1355894957711,-10.955088466243126,-11.279901012057769,0.3248125458146429,340.5875,368.89592409955003,312.2790759004499,0.1662329010873861,0.42603791745393277,11.794829781530812,378.5,315.1,,,-0.0007426110203475611,0.016467744372261617,-0.08262885192255254,
2025-01-24,336.4,341.05,336.4,336.75,0,330.98999999999995,329.59000000000003,340.1025,,,47.29558476142433,-9.94116050222766,-11.012152910091748,1.0709924078640878,340.1025,368.32478684922586,311.8802131507742,0.1659634189647288,0.4406054509701792,11.284484797135756,374.8,315.1,,,0.0010404280618312445,0.06012907287895497,-0.027998268148361927,
2025-01-31,338.6,338.6,338.6,338.6,0,333.65,330.075,339.31,363.6825,,48.18819290641898,-8.885904570281355,-10.586903242129669,1.700998671848314,339.31,366.755702760177,311.86429723982303,0.16177361563276632,0.48706537037502695,10.610593025911774,367.95,315.1,,,0.00549368968077224,0.040885336612357825,-0.044717167442516526,
2025-02-07,325.8,337.4,323.5,337.4,3,337.15999999999997,330.385,338.46500000000003,363.435,,47.62476174411682,-8.053599728211964,-10.080242539346127,2.0266428111341632,338.46500000000003,365.0394256758257,311.89057432417434,0.15702909119599184,0.4799619375976041,10.931264952632365,367.95,315.1,413.6,315.1,-0.0035440047253397777,0.054869470064092374,-0.047699689528648115,-0.04215755855216474
2025-02-14,335.8,343.05,335.8,343.05,6,338.43999999999994,332.26,337.21999999999997,363.0391666666667,,50.55609293834682,-6.859017874987046,-9.435997606474311,2.576979731487265,337.21999999999997,360.2489252897303,314.1910747102696,0.1365810170792382,0.6265799408060068,10.668317456015767,367.95,315.1,413.6,315.1,0.016745702430349896,0.01901084212089721,-0.06767223807582545,-0.06474918211559433
2025-02-21,343.05,356.5,343.05,352.3,7,341.62,334.395,337.455,362.6666666666667,,54.99687554348129,-5.107034737845254,-8.5702050327485,3.4631702949032466,337.455,360.9931158974116,313.91688410258837,0.13950373174148623,0.81533959779747,10.867009066300355,360.9,315.1,413.6,315.1,0.026963999416994566,0.047265160523186855,0.013521288837744505,-0.05965567863339105
2025-02-28,354.85,354.85,350.0,350.0,0,344.27000000000004,337.63,337.1825,362.3566666666667,,53.70525686605696,-3.8596743342400828,-7.628098893046817,3.7684245588067347,337.1825,359.9960327163502,314.3689672836498,0.1353186047102101,0.7809187897237378,10.43722270442176,360.9,315.1,413.6,315.1,-0.006528526823729841,0.039346696362286604,-0.015332676888451191,-0.05046120455778624
2025-03-07,336.4,342.95,336.4,342.95,251,345.14,339.39500000000004,336.42749999999995,362.06166666666667,,49.841305323144475,-3.400805934444179,-6.78264030132629,3.381834366882111,336.42749999999995,357.34972442762665,315.50527557237325,0.12437880035149745,0.655874917185847,10.663135368391636,360.9,315.1,413.6,315.1,-0.02014285714285713,0.012847017129355986,-0.04217288088255833,-0.049078053514487685
2025-03-14,341.1,343.9,332.8,343.9,207,346.44,341.8,335.9975,362.0575,,50.35959122325833,-2.9267545564338207,-6.011463152347797,3.084708595913976,335.9975,355.90986989913506,316.08513010086494,0.11852689320090214,0.698431930504245,10.69433998493509,357.5,315.1,413.6,315.1,0.0027700831024930483,0.019264967397747412,-0.02439716312056739,-0.0007264274298997009
2025-03-21,348.0,356.5,348.0,356.5,1,349.13,343.785,336.4,362.1575,,56.74374972278486,-1.516865248232648,-5.112543571524767,3.595678323292119,336.4,357.5875435102793,315.21245648972064,0.1259663704535038,0.9743353090991487,10.830458557439728,357.5,315.1,413.6,315.1,0.036638557720267695,0.03920711266579202,0.02310231023102305,0.017118402282453538
2025-03-28,358.35,358.35,348.0,348.0,3,348.27,344.945,336.5,361.9825,,51.89502936538015,-1.0730275822832027,-4.304640373676454,3.2316127913932515,336.5,357.8857896744539,315.1142103255461,0.12710721946183606,0.7688701276655956,10.796140089051178,356.5,315.1,413.6,315.1,-0.02384291725105192,-0.012205506670451394,0.005780346820809301,-0.029288702928870314
2025-04-04,348.0,348.0,334.3,334.3,300,345.13,344.7,337.14500000000004,361.3883333333333,,45.19218990464075,-1.8059407775389786,-3.8049004544489593,1.9989596769099807,337.14500000000004,357.41946423459774,316.87053576540234,0.1202714810220985,0.4298378500393335,11.003558654118951,358.35,315.1,413.6,315.1,-0.039367816091953944,-0.04485714285714282,0.04013690105787182,-0.09636437356399508
2025-04-11,311.05,323.0,308.0,322.0,512,340.93999999999994,343.04,336.5575,360.59916666666663,,40.17502434919526,-3.3407765769269986,-3.7120756789445672,0.37129910201756866,336.5575,357.846987429245,315.268012570755,0.12651322540276186,0.158105906767802,12.096161607396171,358.35,315.1,413.6,315.1,-0.03679329943164822,-0.061087622102347194,-0.03520599250936329,-0.12819818600243682
2025-04-18,323.05,329.5,323.05,327.1,600,337.58000000000004,342.01,336.1975,359.785,,43.00065044700697,-4.098374122579401,-3.789335367671534,-0.3090387549078666,336.1975,357.8676055604254,314.5273944395746,0.12891294884956245,0.2900910086793923,11.767864349725016,358.35,308.0,413.6,308.0,0.015838509316770333,-0.04885141029368989,-0.021537541130720927,-0.1299374916877244
2025-04-25,329.75,335.65,329.15,334.4,800,333.15999999999997,341.145,336.7025,359.1058333333333,,46.86893199280397,-4.062892152676568,-3.844046724672541,-0.21884542800402684,336.7025,357.7003445322366,315.70465546776336,0.12472639515439671,0.44517294390704887,11.538016896173227,358.35,308.0,413.6,308.0,0.022317334148578283,-0.06199158485273504,0.031144002466851672,-0.10862321737971481
2025-05-02,338.25,340.65,338.25,339.65,200,331.49,339.88,337.1375,358.5183333333333,,49.52213383761281,-3.56998870443158,-3.7892351206243493,0.2192464161927692,337.1375,358.00067030079515,316.2743296992048,0.12376653621027126,0.5602137633872506,11.160301403589425,358.35,308.0,413.6,308.0,0.01569976076555024,-0.02399425287356327,0.026287958906179076,-0.09402507335289412
2025-05-09,340.2,342.25,340.2,342.25,0,333.08000000000004,339.105,338.3675,357.81583333333333,,50.831636031640286,-2.9357197497731704,-3.618532046454114,0.6828122966809436,338.3675,357.3014714534481,319.43352854655194,0.11191365277958472,0.6025273543256808,10.54885130333304,358.35,308.0,413.6,308.0,0.007654938907699194,0.02378103499850437,0.07744372737289473,-0.10965140478668045
2025-05-16,342.5,352.5,342.5,352.2,3,339.12,340.03,339.7125,357.15583333333336,,55.58073309030315,-1.6115976941317172,-3.217145175989635,1.6055474818579176,339.7125,358.56388920610334,320.8611107938966,0.11098437182089775,0.8312090123298985,10.527504781666394,358.35,308.0,413.6,308.0,0.029072315558801964,0.09378881987577636,0.08269289886258835,-0.10107197549770297
2025-05-23,352.05,352.05,346.1,346.1,300,342.91999999999996,340.25,341.025,356.3875,,52.248823265115945,-1.0424240300919791,-2.782200946810104,1.739776916718125,341.025,357.6905482958105,324.35945170418944,0.09773798575359895,0.652260217003356,10.211254440118793,358.35,308.0,413.6,308.0,-0.017319704713231077,0.05808621216753296,0.08206972018133496,-0.11754207037225894
2025-05-30,346.85,365.35,346.85,365.35,0,349.11,341.135,342.46,355.8966666666667,,60.33065154094035,0.9510017640142223,-2.035560404645239,2.9865621686594612,342.46,362.0563414952893,322.86365850471066,0.11444455700104728,1.084037586952199,10.85687912296745,358.35,308.0,413.6,308.0,0.05561976307425609,0.09255382775119636,0.08525174513589806,-0.07459473150962515
2025-06-06,362.1,373.45,361.0,373.45,701,355.87,343.68,344.3125,355.64666666666665,,63.156358106571965,3.148118819065928,-0.9988245599030057,4.146943378968934,344.3125,367.87138102181433,320.75361897818567,0.13684592352478828,1.118397367282006,10.970673471326919,365.35,308.0,413.6,308.0,0.0221705214178185,0.0995142058000884,0.1101367419738406,-0.03861500836658516
2025-06-13,385.7,393.25,385.7,386.65,5,364.75,348.915,346.8075,355.845,,67.25039418814441,5.886622280213999,0.3782648081203952,5.5083574720936035,346.8075,376.4246449501806,317.1903550498194,0.17079875694833938,1.172625603632956,11.601339651946425,373.45,308.0,413.6,308.0,0.03534609720176718,0.12972972972972974,0.148181143281366,0.03175450300200122
2025-06-20,386.65,404.0,386.65,402.05,288,374.72,356.91999999999996,349.98,356.33416666666665,,71.26247724090805,9.193579438888833,2.141327734274083,7.05225170461475,349.98,387.8454248622674,312.11457513773263,0.2163862212827441,1.187566562231913,12.011958248235969,393.25,308.0,413.6,308.0,0.03982930298719789,0.14153889835320843,0.18738924985233307,0.07874966460960575
2025-06-27,408.15,420.0,408.15,420.0,406,389.5,366.21000000000004,354.11,357.00083333333333,,75.09266080412031,13.1116389855556,4.335389984530387,8.776249001025214,354.11,402.21895550726526,306.00104449273476,0.2717175765003262,1.1847997353637152,12.436104087647685,404.0,308.0,413.6,308.0,0.04464618828503908,0.21352210343831257,0.24481327800829877,0.10526315789473695
2025-07-04,416.4,424.8,416.4,424.8,0,401.39,375.25,358.19750000000005,357.6458333333333,,76.01332607110879,16.41482935419134,6.751277858462577,9.663551495728763,358.19750000000005,414.96537361703844,301.42962638296166,0.31696409727615843,1.0866214088738546,12.147810938529997,420.0,308.0,420.0,308.0,0.011428571428571566,0.1627206788011495,0.23830345430695243,0.10023310023310028
2025-07-11,413.5,428.5,413.5,428.45,507,412.39,384.13,362.005,358.2558333333333,,76.7180674333494,19.106903525011944,9.222402991772451,9.884500533239493,362.005,426.3845767305133,297.6254232694867,0.35568335647581273,1.0160409820503509,12.351538728634997,424.8,308.0,424.8,308.0,0.008592278719397273,0.1472754050073637,0.2161510076639228,0.09340308791629437
2025-07-18,428.45,436.0,428.45,435.25,1,422.11,393.43,366.26750000000004,359.0375,,78.01406842483826,21.540786097307148,11.686079612879391,9.854706484427757,366.26750000000004,437.79509100515037,294.7399089948497,0.3905756912920219,0.9822090261297413,12.008571676589641,428.5,308.0,428.5,308.0,0.015871163496324003,0.12569507306349426,0.24357142857142855,0.12076734904081365
2025-07-25,435.0,438.1,432.2,437.7,276,429.23999999999995,401.98,371.005,360.08916666666664,,78.47889686331982,23.39763670412185,14.028391031127885,9.369245672993966,371.005,448.0647164541894,293.9452835458106,0.415410662682117,0.9327488022853611,11.572245128261812,436.0,308.0,436.0,308.0,0.005628948879954132,0.0886705633627658,0.2762793410118094,0.16844634276561665
2025-08-01,434.1,443.5,424.0,424.0,9,430.03999999999996,409.77,375.01,360.79583333333335,,69.61563150580392,23.49291696069605,15.921296217041519,7.571620743654531,375.01,454.3119394466496,295.7080605533504,0.42293239885149525,0.8088827356672533,12.13851333338597,438.1,308.0,438.1,308.0,-0.03129997715330135,0.00952380952380949,0.23291654550741492,0.11111111111111094
2025-08-08,424.0,434.9,424.0,432.8,309,431.64,416.515,378.825,361.60249999999996,,71.81738614754875,24.00183548695003,17.53740407102322,6.464431415926807,378.825,461.4687747201814,296.1812252798186,0.436316371518149,0.8265521219399207,12.05004809528697,443.5,308.0,443.5,308.0,0.020754716981132182,0.01883239171374762,0.21402524544179524,0.12591050988553598
2025-08-15,437.1,440.45,435.45,440.45,300,434.03999999999996,423.215,383.4475,362.45916666666665,,73.60781666593078,24.73729204755415,18.977381666329407,5.759910381224742,383.4475,468.96951748672734,297.92548251327264,0.4460689793868905,0.8332621333965055,11.735758945623612,443.5,308.0,443.5,308.0,0.017675600739371466,0.02800793558174819,0.26566091954022975,0.13211669451227337
2025-08-22,439.25,439.25,427.3,428.7,29,432.73,427.41999999999996,388.16749999999996,363.11083333333335,,66.60833479464178,24.094276053183535,20.00076054370023,4.093515509483304,388.16749999999996,472.733239368849,303.6017606311509,0.4357177732234103,0.7396508343834733,11.836776163793353,443.5,308.0,443.5,308.0,-0.02667726189124764,-0.015048822515795535,0.2823810948250074,0.10035934291581095
2025-08-29,428.7,437.3,428.7,433.25,26,431.84,430.53999999999996,393.72999999999996,363.56666666666666,,67.88198132474584,23.678872911688757,20.736383017297936,2.942489894390821,393.72999999999996,474.7143034173914,312.7456965826085,0.41136973772580937,0.7439979004098779,11.605577866379543,443.5,308.0,443.5,308.0,0.010613482621880221,-0.010166780900159877,0.3454968944099379,0.06738112835673826
2025-09-05,433.9,434.55,426.45,434.55,450,433.95,431.995,399.1025,364.12583333333333,,68.2545522287702,23.187273608105272,21.226561135459402,1.96071247264587,399.1025,475.83805548114674,322.3669445188533,0.3845405903553434,0.7309718081646593,11.355179447352436,443.5,323.05,443.5,308.0,0.0030005770340451043,0.024882075471698073,0.3284928156527056,0.08366583541147143
2025-09-12,430.5,463.5,430.5,463.5,176,440.09,435.86499999999995,405.5575,365.28416666666664,,75.16385563361604,24.847276733695367,21.950704255106597,2.8965724785887694,405.5575,481.14719688390187,329.96780311609814,0.3727693206704443,0.8832698263692856,12.901238058255833,443.5,329.15,443.5,308.0,0.06662064204349316,0.0709334565619224,0.3860645933014355,0.17639593908629436
2025-09-19,466.7,478.6,463.8,478.6,215,447.71999999999997,440.88,412.505,366.94499999999994,,77.86942441396634,27.06924753883061,22.974412911851402,4.094834626979207,412.505,488.1291555324764,336.8808444675236,0.3666581279377287,0.9369966152654484,13.058292482666133,463.5,338.25,463.5,308.0,0.032578209277238424,0.08661596094902957,0.40909760047107335,0.2629634516426971
2025-09-26,477.3,485.85,467.4,467.7,7,455.5200000000001,444.125,418.7775,368.5733333333333,,71.78986929869455,27.632110733294667,23.905952476140058,3.7261582571546086,418.7775,490.7759755046951,346.77902449530484,0.34385073460104776,0.8397467769773105,13.443414448189985,478.6,340.2,478.6,308.0,-0.022774759715837978,0.09097270818754377,0.36654492330168,0.26405405405405413
2025-10-03,467.7,483.8,467.7,483.8,0,465.63,448.735,425.35749999999996,370.6933333333333,,74.90627526169709,29.042535051085054,24.933268991129058,4.109266059955996,425.35749999999996,495.8533670774408,354.8616329225591,0.3314664350690459,0.9145101154355618,13.63317055903356,485.85,342.5,485.85,308.0,0.03442377592473811,0.11667628390075024,0.37365133446905174,0.3567021873247336
2025-10-10,498.8,498.8,498.8,498.8,0,478.48,456.215,432.9925,372.79666666666674,,77.41014866788993,31.013180484669135,26.149251289837075,4.86392919483206,432.9925,500.5121584336756,365.4728415663244,0.311874494055558,0.9873210375067474,13.730801233388306,485.85,346.1,485.85,308.0,0.03100454733360891,0.1478541019445403,0.44120196475007223,0.3387010198604401
2025-10-17,511.9,530.0,500.95,530.0,130,491.78000000000003,465.93499999999995,441.225,375.2625,,81.53683459146679,34.692595790358496,27.85792018994136,6.834675600417135,441.225,513.7149820664914,368.73501793350863,0.32858510767291693,1.1123259895317064,14.97860114528914,498.8,346.85,498.8,308.0,0.06255012028869289,0.1434735706580368,0.45066374709182977,0.38725297735898434
2025-10-24,530.0,554.3,530.0,554.0,50,506.86,477.28999999999996,450.25250000000005,378.3841666666667,,83.96364105741975,39.094501277262054,30.105236407405503,8.989264869856552,450.25250000000005,531.2078239447553,369.2971760552448,0.3595996643872283,1.1407700874052353,15.644415349197056,530.0,361.0,530.0,308.0,0.04528301886792452,0.15754283326368568,0.48346498861962783,0.510771748022907
2025-10-31,560.0,580.65,559.6,580.65,3,529.45,492.485,459.95250000000004,382.2875,,86.14187322762695,44.223692171248956,32.928927560174195,11.294764611074761,459.95250000000004,553.5957083762635,366.30929162373667,0.40718643066952953,1.1444541045359686,16.430528538540123,554.3,385.7,554.3,308.0,0.04810469314079424,0.24150096215522776,0.5017457649036596,0.6759994227161206
2025-11-07,587.7,605.9,566.9,566.9,301,546.0699999999999,505.85,468.195,385.8283333333333,,80.09677195318378,46.641449228688884,35.671431893877134,10.97001733481175,468.195,568.7649204533856,367.6250795466144,0.4296069819343888,0.9907282393931593,18.042633642930117,580.65,386.65,580.65,308.0,-0.023680358219237085,0.1717651922281933,0.4100236289018777,0.599379320073353
2025-11-14,566.9,598.3,566.9,598.3,0,565.97,522.225,477.10999999999996,389.89500000000004,,83.02618359454115,50.50902015142742,38.63894954538719,11.87007060604023,477.10999999999996,589.881053910125,364.3389460898749,0.4727255933018594,1.0373276022435,18.996731239863678,605.9,408.15,605.9,308.0,0.05538895748809303,0.1994787489975942,0.4245238095238095,0.688681907987581
2025-11-21,570.35,583.35,544.0,545.0,604,568.97,530.375,483.12,392.84583333333336,,65.42369099773552,48.71171508916922,40.6535026541436,8.058212435025617,483.12,596.906525564323,369.333474435677,0.47104870659183234,0.771912687785776,21.51839329415913,605.9,413.5,605.9,308.0,-0.08908574293832516,0.028301886792452935,0.2829566854990584,0.4811795080853378
2025-11-28,570.0,570.0,544.2,559.0,409,569.97,538.415,489.6474999999999,396.3691666666667,,67.3799622127606,47.86525995390525,42.095854114095935,5.769405839809316,489.6474999999999,605.1062955722748,374.18870442772504,0.4715996531066733,0.8003344165173921,21.82422234457633,605.9,413.5,605.9,308.0,0.025688073394495303,0.00902527075812265,0.30470299918310184,0.6081703107019563
2025-12-05,559.0,578.85,559.0,577.8,500,569.3999999999999,549.425,496.775,400.075,,69.84710321988125,48.15632490543453,43.30794827236366,4.84837663307087,496.775,615.4758150772368,378.07418492276315,0.4778856225745532,0.8412992570745123,21.68320646282088,605.9,424.0,605.9,308.0,0.03363148479427536,-0.00490829243089641,0.32751292360712214,0.6255450836967225
2025-12-12,582.0,594.7,582.0,589.2,18,573.86,559.9649999999999,504.35,403.9275,,71.26626927585738,48.74497892836564,44.39535440356406,4.349624524801577,504.35,626.2961602511551,382.4038397488449,0.48357751661011245,0.8478994329351847,21.34154885833368,605.9,424.0,605.9,308.0,0.01973001038421618,0.03933674369377327,0.34612748457847853,0.6455802262253876
2025-12-19,589.2,589.2,568.7,572.6,10,568.72,567.345,511.78000000000003,407.59583333333336,,66.36791420434497,47.326460240595225,44.9815755709703,2.344884669624925,511.78000000000003,631.3226049573976,392.23739504260243,0.46716403516119265,0.7543862919068683,21.28143822559556,605.9,424.0,605.9,308.0,-0.028173794976238953,-0.04295503927795408,0.35047169811320766,0.6243971631205674
2025-12-26,577.4,594.0,577.4,591.5,4,578.02,573.4950000000001,519.7149999999999,411.64666666666665,,68.98199218627775,47.18344462777691,45.42194938233162,1.761495245445289,519.7149999999999,638.2985785427326,401.13142145726727,0.4563407965624724,0.8026768161416705,21.289906923767308,605.9,424.0,605.9,308.0,0.033007334963325086,0.08532110091743128,0.36668207024029575,0.6975175778447411
2026-01-02,596.85,611.5,596.85,609.8,105,588.18,579.075,528.1825000000001,416.04333333333335,,71.30744696651479,47.993521345622526,45.9362637749898,2.0572575706327285,528.1825000000001,647.101566070166,409.2634339298343,0.45029536597734987,0.8431640640023318,21.197770714926786,605.9,426.45,605.9,308.0,0.030938292476753837,0.09087656529516996,0.3844931320240663,0.7624277456647397
2026-01-09,635.8,678.95,635.8,678.95,224,608.4100000000001,588.905,540.6949999999999,422.00249999999994,,78.01478853443831,53.5975014368621,47.46851130736426,6.1289901294978435,540.6949999999999,667.5110396006769,413.8789603993229,0.46908530539648785,1.0451006057094299,24.62292994957488,611.5,426.45,611.5,308.0,0.11339783535585446,0.17506057459328495,0.5837415442034057,1.1124766645924087
2026-01-16,671.25,720.0,671.25,720.0,412,634.5699999999999,604.2149999999999,555.0325,428.43999999999994,,80.87322554912316,60.65193026690042,50.1051950992715,10.546735167628924,555.0325,694.2489619396733,415.8160380603267,0.5016515679340338,1.0924856073108846,26.346292096033817,678.95,426.45,678.95,308.0,0.060461005965093184,0.22199592668024426,0.6618580496249278,1.1573033707865168
2026-01-23,720.0,733.7,717.3,733.7,700,666.79,617.755,569.99,435.09666666666664,,81.72710662553548,66.58059182585464,53.40027444458813,13.180317381266512,569.99,718.2044547606627,421.7755452393373,0.5200598423153483,1.052274068896855,25.635842660602837,720.0,426.45,720.0,308.0,0.019027777777777866,0.28134823611596227,0.6884133011160971,1.1947352677236016
2026-01-30,729.35,776.55,729.35,776.55,12,703.8,640.9100000000001,585.6425,442.63416666666666,,84.11568303850392,73.88503502075196,57.497226559820895,16.387808460931062,585.6425,750.7270367531453,420.5579632468548,0.5637723927247262,1.0782113326745688,27.176139613416915,733.7,430.5,733.7,308.0,0.05840261687338133,0.3128486897717666,0.6754045307443364,1.394542090656799
2026-02-06,733.7,802.0,733.7,770.45,228,735.93,662.0550000000001,600.235,449.95916666666665,,82.46313030052131,78.2792849880276,61.65363824546224,16.62564674256536,600.235,776.1335022676446,424.3364977323554,0.5860987855344811,0.9838443699225004,30.113558212458564,776.55,463.8,776.55,308.0,-0.007855257227480372,0.26344703181370965,0.609799414960301,1.3279951654328452
2026-02-13,759.5,815.4,759.5,815.4,505,763.22,685.8149999999999,617.62,458.255,,84.82846413776703,84.41575678588708,66.20606195354722,18.209694832339864,617.62,805.9745072463108,429.2654927536891,0.6099365540180398,1.0250206190748687,31.955446911568664,802.0,467.4,802.0,308.0,0.05834252709455501,0.20097208925546783,0.7434252726106478,1.5669762317015583
2026-02-20,826.1,852.9,826.1,852.9,0,789.8,712.1850000000001,636.075,467.0483333333333,,86.46822794993416,91.25298390061016,71.21544634295981,20.037537557650353,636.075,840.0476685122313,432.10233148776877,0.6413478552442126,1.0315050334476503,32.35148641788519,815.4,467.7,815.4,308.0,0.04598969830757915,0.18458333333333332,0.7629185613890037,1.6218874884721792
2026-02-27,872.6,955.0,872.6,955.0,3,834.0600000000001,750.425,658.885,477.63416666666666,,89.72457509632329,103.71459507139775,77.7152760886474,25.999318982750353,658.885,895.7339204113048,422.0360795886952,0.7189385717122253,1.1251136789768252,37.33352310232196,852.9,498.8,852.9,308.0,0.11970922734200973,0.3016219163145699,0.9145950280673616,1.9857745818352353
2026-03-06,955.0,955.0,780.0,843.2,8,847.39,775.595,674.545,486.07666666666665,,69.89110607330021,103.37751442091633,82.84772375510119,20.529790665815142,674.545,916.5958291661084,432.49417083389153,0.7176714056619157,0.8483875692164224,47.166842880727536,955.0,500.95,955.0,308.0,-0.11706806282722504,0.0858283433133733,0.5909433962264152,1.50467844942819
2026-03-13,750.05,855.2,750.05,816.7,293,856.6400000000001,796.2850000000001,687.68,494.0816666666667,,66.15809712514329,99.82136844779359,86.24245269363968,13.578915754153911,687.68,930.6488877202194,444.7111122797805,0.706633572941541,0.765507245002841,51.308496960675576,955.0,530.0,955.0,308.0,-0.03142789373814037,0.06002985268349659,0.47418772563176903,1.4277645659928657
2026-03-20,818.2,887.5,818.2,887.5,506,871.0600000000001,817.14,703.0225,503.2608333333334,,70.66605327998832,101.54551199081368,89.30306455307448,12.242447437739202,703.0225,955.5830540756526,450.4619459243475,0.7184992061439074,0.8652143951678637,52.70074717777018,955.0,544.0,955.0,308.0,0.08669033916982971,0.08842285994603882,0.5284594850598467,1.635486265775798
2026-03-27,873.45,873.45,788.0,818.4,15,864.1600000000001,826.9799999999999,715.5975000000001,511.2575,437.47,61.98730421805533,96.22687217989426,90.68782607843843,5.539046101455824,715.5975000000001,964.8179595834794,466.3770404165208,0.6965380946229668,0.706248114965788,56.043550950786596,955.0,544.0,955.0,308.0,-0.07785915492957751,-0.04045022863172709,0.4436408537660963,1.41701122268163
2026-04-03,775.05,810.0,763.55,810.0,723,835.1600000000001,834.61,726.1825000000001,519.1341666666667,441.28458333333333,61.006442205424,90.2931586849586,90.60889259974246,-0.3157339147838627,726.1825000000001,972.5425906701422,479.82240932985803,0.6785073743036827,0.670111765611065,55.9582973114447,955.0,544.0,955.0,308.0,-0.01026392961876832,-0.1518324607329843,0.35383586829349833,1.400711321873148
2026-04-10,810.0,897.2,810.0,878.0,6,842.1200000000001,844.7550000000001,742.8325000000001,528.05,445.5445833333333,65.73348384579056,90.0397574147388,90.49506556274173,-0.45530814800292774,742.8325000000001,982.8922743792173,502.772725620783,0.6463362181358977,0.7815288407846263,58.18984750348437,955.0,544.0,955.0,308.0,0.08395061728395059,0.04127134724857684,0.6110091743119266,1.559393674391488
2026-04-17,868.0,951.75,868.0,951.6,326,869.1,862.8700000000001,762.4625,538.0383333333333,450.3525,69.97595889406458,94.68635462565214,91.33332337532381,3.3530312503283284,762.4625,1003.388305747331,521.536694252669,0.6319676200398865,0.8925222941837051,60.015572681806916,955.0,544.2,955.0,308.0,0.08382687927107058,0.16517693155381408,0.7023255813953488,1.7011070110701105
2026-04-24,949.0,994.0,892.45,989.0,14,889.4,880.2299999999999,783.0225,548.6883333333334,455.5225,71.88109587220343,100.23128002308397,93.11291470487585,7.11836531820812,783.0225,1027.5591832910775,538.4858167089227,0.6245968239509782,0.9211586933049639,62.98231749024928,955.0,559.0,955.0,308.0,0.039302227826818026,0.11436619718309848,0.7116649359640015,1.8257142857142856
2026-05-01,989.0,1018.2,989.0,1018.2,800,929.36,896.76,804.4725000000001,559.9424999999999,461.00208333333336,73.30531804961296,105.7627027131166,95.642872306524,10.119830406592598,804.4725000000001,1052.4766097945774,556.4683902054228,0.616563300285783,0.9308950770554392,60.56929481237434,994.0,568.7,994.0,308.0,0.029524772497472318,0.24413489736070382,0.7281059063136455,1.968945910482578
2026-05-08,1011.25,1175.75,1011.25,1175.75,614,1002.51,918.835,834.6300000000001,573.8066666666666,467.9320833333333,79.3752981973732,121.45925664162496,100.8061491735442,20.653107468080762,834.6300000000001,1107.9147679619207,561.3452320380795,0.6548644739870854,1.1241108908922641,67.99291661149046,1018.2,568.7,1018.2,308.0,0.15473384403849932,0.4515432098765433,1.0533531260915123,2.4188717650479794
2026-05-15,1168.1,1261.7,1168.1,1261.7,603,1079.25,960.6850000000001,868.14,588.8933333333333,475.5254166666667,81.80585773087677,139.22938571220425,108.49079648127622,30.738589230928028,868.14,1176.11435217888,560.16564782112,0.7095038868820235,1.1389493105766963,69.82199399638401,1175.75,577.4,1175.75,308.0,0.07310227514352552,0.4370159453302962,1.1330515638207945,2.5391304347826087
2026-05-22,1187.95,1244.0,1140.5,1244.0,125,1137.73,1003.4150000000002,899.85,603.8266666666666,482.90458333333333,79.72227692701308,150.1532260300404,116.82328239102907,33.32994363901133,899.85,1225.0150996032644,574.6849003967357,0.7227095618231135,1.0291927092112578,73.49185156807087,1261.7,596.85,1261.7,308.0,-0.014028691448046304,0.30727196300966786,1.0400131190554283,2.574712643678161
2026-05-29,1244.0,1364.1,1244.0,1364.1,619,1212.75,1051.075,934.1075000000001,620.99,491.18916666666667,82.90407721673513,166.58126928726188,126.77487977027565,39.80638951698623,934.1075000000001,1300.692124984465,567.5228750155351,0.7848874460048012,1.0864846350528503,76.82100502749438,1261.7,635.8,1261.7,308.0,0.09654340836012865,0.37927199191102123,1.0091317475513657,3.0804666467244983
2026-06-05,1400.0,1439.35,1400.0,1400.55,2029,1289.2199999999998,1109.29,968.135,638.9658333333334,499.7825,83.73807499161799,180.46157361372025,137.5122185389646,42.94935507475566,968.135,1373.2252629044556,563.0447370955445,0.8368466441239197,1.0337267266061012,76.70879038267336,1364.1,671.25,1364.1,308.0,0.026720914888937797,0.375515615792575,0.9452083333333332,3.3495341614906833
2026-06-12,1316.0,1365.35,1215.0,1314.9,249,1317.05,1159.78,997.195,655.4291666666667,507.6070833333333,74.53661903424988,182.4474351388518,146.49926185894205,35.94817327990975,997.195,1414.0611966386828,580.3288033613173,0.8360775909198956,0.8810635193759423,84.48316249819668,1439.35,717.3,1439.35,323.05,-0.06115454642818885,0.11834998936848828,0.7921493798555268,3.019871598899419
2026-06-19,1372.85,1547.05,1372.85,1494.05,1738,1363.52,1221.3849999999998,1033.0700000000002,674.7566666666667,516.93125,79.58877526333015,196.2153045942814,156.44247040600993,39.772834188271474,1033.0700000000002,1489.431149091376,576.7088509086243,0.8835047946245187,1.0050605216042383,95.03079374832548,1439.35,729.35,1439.35,329.15,0.13624610236519885,0.18415629705952274,0.9239585345438157,3.467852870813397
2026-06-26,1457.85,1520.1,1324.7,1394.75,145,1393.67,1265.7,1064.285,692.3416666666667,525.43,71.16087993414958,196.8446575340704,164.52290783162204,32.32174970244836,1064.285,1529.8348094726289,598.7351905273713,0.8748592895185571,0.8549190583649342,102.20002276630221,1547.05,733.7,1547.05,338.25,-0.06646363910177033,0.1211816720257235,0.8103056655201504,3.1064330928897395
2026-07-03,1356.5,1416.35,1220.9,1326.3,537,1386.11,1299.43,1089.83,708.7425000000001,533.2791666666667,65.974633101903,189.63409750075357,169.54514576544835,20.088951735305216,1089.83,1554.0153728845846,625.6446271154152,0.8518491377271404,0.7547150490013351,108.86073542585204,1547.05,750.05,1547.05,340.2,-0.04907689550098582,-0.02771057840334279,0.6265636497424576,2.875237399561724
2026-07-10,1325.0,1334.5,1162.05,1226.6,100,1351.3200000000002,1320.27,1108.5149999999999,723.3158333333334,540.2358333333334,59.2062376332557,173.8704496398841,170.4102065403355,3.4602430995485918,1108.5149999999999,1563.0318699839431,653.9981300160565,0.8200464043949669,0.6299016690009457,113.4028257525769,1547.05,750.05,1547.05,342.5,-0.07517152981979947,-0.12420120666880874,0.43815218665728684,2.4826802952867686
2026-07-17,1211.95,1224.35,1041.1,1097.2,597,1307.78,1312.415,1115.625,735.8341666666666,546.1108333333333,51.781110353856405,149.21607653362003,166.17138053899242,-16.955304005372398,1115.625,1564.730345659569,666.5196543404311,0.8051188269527286,0.47948699544764883,118.55262391310713,1547.05,750.05,1547.05,346.1,-0.10549486385129614,-0.16556392121073849,0.14890052356020944,2.1701820283155158
2026-07-24,1051.0,1159.3,1045.55,1071.25,375,1223.22,1293.37,1127.0275,747.5991666666666,551.7479166666667,50.41561790678838,126.12941866935489,158.16298816506492,-32.033569495710026,1127.0275,1559.1458813204442,694.9091186795556,0.7668284603888447,0.4354603941753669,118.2095793478852,1547.05,750.05,1547.05,346.85,-0.02365111192125413,-0.2829891904554733,0.27045777988614783,1.9321198850417405
2026-07-31,1074.95,1087.55,835.0,1050.05,408,1154.2800000000002,1273.975,1138.695,758.8758333333334,557.26125,49.27246219544283,104.9130409276163,147.51299871757521,-42.59995778995892,1138.695,1548.7026205389368,728.6873794610631,0.7201359811695615,0.3918983507142135,127.80532368017911,1547.05,750.05,1547.05,361.0,-0.019789964994165743,-0.24714106470693675,0.28572303171299107,1.8117552550542242
2026-08-07,1020.0,1061.25,964.35,987.1,890,1086.44,1236.275,1143.675,768.8833333333333,562.3641666666666,45.94135468106327,82.07328012223547,134.42505499850728,-52.351774876271804,1143.675,1543.654337591332,743.6956624086679,0.6994632873698071,0.30427113942573686,125.59780056016632,1547.05,763.55,1547.05,385.7,-0.059949526213037396,-0.25574907637789335,0.11222535211267615,1.5529548687443429
2026-08-14,988.0,1110.5,972.9,1105.8,2294,1062.28,1206.8,1158.045,780.6125,568.4733333333334,52.46694468069412,72.712518464205,122.08254769164682,-49.37002922744182,1158.045,1529.910057379691,786.1799426203092,0.6422290280251473,0.4297527436859231,126.45510052015445,1547.05,763.55,1547.05,386.65,0.12025124100901619,-0.09848361323985,0.35117302052785915,1.7504041785847528
2026-08-21,1106.25,1149.85,1011.6,1102.8,6664,1063.4,1185.59,1172.685,791.9925,574.4966666666667,52.295125732520646,64.3106394618826,110.52816604569398,-46.21752658381138,1172.685,1510.0418438612157,835.3281561387842,0.5753579927452228,0.3964227326765753,127.29759334014341,1547.05,763.55,1547.05,408.15,-0.0027129679869777323,0.005103900838497877,0.3614814814814815,1.6257142857142854
2026-08-28,1081.0,1110.0,1009.8,1070.4,2055,1063.23,1143.225,1182.305,802.7525,580.1991666666667,50.37636616911415,54.41047056306161,99.30462694916751,-44.894156386105905,1182.305,1495.6164375505637,868.9935624494366,0.5300010361971971,0.3214157119911393,125.3620509587046,1547.05,810.0,1547.05,413.5,-0.029379760609357874,-0.0007934655775961863,0.21913439635535314,1.5197740112994351
2026-09-04,1038.45,1080.95,1010.0,1058.95,6352,1065.0099999999998,1109.645,1187.6725,813.2608333333333,585.7583333333333,49.68260676959577,45.12047532252586,88.46779662383919,-43.34732130131333,1187.6725,1488.416824094405,886.9281759055948,0.5064431888326203,0.28599346739525955,121.47547589022571,1547.05,835.0,1547.05,413.5,-0.010696935724962664,0.008475786867292223,0.11281000420344678,1.4715836153576847
2026-09-11,1093.6,1140.6,1071.35,1088.3,222158,1085.25,1085.8449999999998,1192.6375,824.145,591.59125,51.52542849787269,39.669106113302405,78.70805852173184,-39.03895240842944,1192.6375,1483.204824169461,902.0701758305391,0.48726846869977,0.3204589929403938,118.63079904092386,1547.05,835.0,1547.05,424.0,0.027716133906227736,0.10252254077601042,0.10040444893832157,1.5004020677771397
